Observatory;Data_year;agglomeration;Zone_calcul;Zone_complementaire;Type_habitat;epoque_construction_local;epoque_construction_homogene;anciennete_locataire_local;anciennete_locataire_homogene;nombre_pieces_local;nombre_pieces_homogene;loyer_1_decile;loyer_1_quartile;loyer_median;loyer_3_quartile;loyer_9_decile;loyer_moyen;loyer_mensuel_1_decile;loyer_mensuel_1_quartile;loyer_mensuel_median;loyer_mensuel_3_quartile;loyer_mensuel_9_decile;moyenne_loyer_mensuel;surface_moyenne;nombre_observations;nombre_logements;methodologie_production
B7500;2024;L7501;;;;;;;;;;;23,2;26,6;30,3;;25,5;;812;1100;1528;;1276;50;3686;4;
B7500;2024;L7501;;;;;;;;;Maison 1-3P;;;;;;;;;;;;;;;4;Estimation �conom�trique (pour valeur de march�)
B7500;2024;L7501;;;;;;;;;Maison 4P+;;;;;;;;;;;;;;;4;Estimation �conom�trique (pour valeur de march�)
B7500;2024;L7501;;;;;;;;;Appart 1P;;26,6;30,2;34,2;;29,5;;644;754;852;;756;26;993;4;
B7500;2024;L7501;;;;;;;;;Appart 2P;;23,4;26,5;29,3;;26,1;;900;1086;1276;;1113;43;1327;4;
B7500;2024;L7501;;;;;;;;;Appart 3P;;21,3;24,2;27,5;;24,1;;1313;1519;1780;;1567;65;799;4;
B7500;2024;L7501;;;;;;;;;Appart 4P+;;20,4;24,1;27;;23,9;;1750;2253;2864;;2445;102;544;4;
B7500;2024;L7501;;;;;;;;;Ensemble 1P;;26,6;30,2;34,2;;29,5;;644;754;852;;756;26;993;4;
B7500;2024;L7501;;;;;;;;;Ensemble 2P;;23,4;26,5;29,3;;26,1;;900;1086;1276;;1113;43;1330;4;
B7500;2024;L7501;;;;;;;;;Ensemble 3P;;21,3;24,2;27,6;;24,1;;1313;1519;1783;;1567;65;803;4;
B7500;2024;L7501;;;;;;;;;Ensemble 4P+;;20,5;24,2;27,1;;24;;1750;2266;2889;;2469;103;560;4;
B7500;2024;L7501;;;;;;;;Maison;;;;;;;;;;;;;;;;4;Estimation �conom�trique (pour valeur de march�)
B7500;2024;L7501;;;;;;;;Appart 1P;;;26,6;30,2;34,2;;29,5;;644;754;852;;756;26;993;4;
B7500;2024;L7501;;;;;;;;Appart 2P;;;23,4;26,5;29,3;;26,1;;900;1086;1276;;1113;43;1327;4;
B7500;2024;L7501;;;;;;;;Appart 3P;;;21,3;24,2;27,5;;24,1;;1313;1519;1780;;1567;65;799;4;
B7500;2024;L7501;;;;;;;;Appart 4P+;;;20,4;24,1;27;;23,9;;1750;2253;2864;;2445;102;544;4;
B7500;2024;L7501;;;;;;;;Ensemble 1P;;;26,6;30,2;34,2;;29,5;;644;754;852;;756;26;993;4;
B7500;2024;L7501;;;;;;;;Ensemble 2P;;;23,4;26,5;29,3;;26,1;;900;1086;1276;;1113;43;1330;4;
B7500;2024;L7501;;;;;;;;Ensemble 3P;;;21,3;24,2;27,6;;24,1;;1313;1519;1783;;1567;65;803;4;
B7500;2024;L7501;;;;;;;;Ensemble 4P+;;;20,5;24,2;27,1;;24;;1750;2266;2889;;2469;103;560;4;
B7500;2024;L7501;;;;;;;1. Moins de 1 an;;;;24,9;27,5;31,2;;27,2;;798;1048;1420;;1226;45;445;4;
B7500;2024;L7501;;;;;;;1. Moins de 1 an;;Ensemble 1P;;28,8;31,9;35,5;;31,4;;637;764;852;;749;24;125;4;
B7500;2024;L7501;;;;;;;1. Moins de 1 an;;Ensemble 2P;;24,6;26,7;29,3;;26,7;;870;1090;1183;;1078;40;161;4;
B7500;2024;L7501;;;;;;;1. Moins de 1 an;;Ensemble 3P;;23,4;25;27;;25,3;;1350;1500;1762;;1576;62;92;4;
B7500;2024;L7501;;;;;;;1. Moins de 1 an;;Ensemble 4P+;;23,9;25,9;29,2;;26,6;;2009;2400;3263;;2762;104;67;4;
B7500;2024;L7501;;;;;;;2. 1 an et plus;;;;22,7;26,2;30;;25,2;;820;1118;1554;;1288;51;3241;4;
B7500;2024;L7501;;;;;;1. Moins de 1 an;;;;;24,9;27,5;31,2;;27,2;;798;1048;1420;;1226;45;445;4;
B7500;2024;L7501;;;;;;1. Moins de 1 an;;Ensemble 1P;;;28,8;31,9;35,5;;31,4;;637;764;852;;749;24;125;4;
B7500;2024;L7501;;;;;;1. Moins de 1 an;;Ensemble 2P;;;24,6;26,7;29,3;;26,7;;870;1090;1183;;1078;40;161;4;
B7500;2024;L7501;;;;;;1. Moins de 1 an;;Ensemble 3P;;;23,4;25;27;;25,3;;1350;1500;1762;;1576;62;92;4;
B7500;2024;L7501;;;;;;1. Moins de 1 an;;Ensemble 4P+;;;23,9;25,9;29,2;;26,6;;2009;2400;3263;;2762;104;67;4;
B7500;2024;L7501;;;;;;2. 1 an et plus;;;;;22,7;26,2;30;;25,2;;820;1118;1554;;1288;51;3241;4;
B7500;2024;L7501;;;;;1. Avant 1946;;;;;;23,9;27,5;31,3;;26,3;;808;1057;1550;;1307;50;1992;4;
B7500;2024;L7501;;;;;1. Avant 1946;;;;Ensemble 1P;;28,3;32,4;36,7;;31,8;;610;716;840;;741;23;433;4;
B7500;2024;L7501;;;;;1. Avant 1946;;;;Ensemble 2P;;24;26,7;30,3;;26,9;;870;1024;1195;;1076;40;771;4;
B7500;2024;L7501;;;;;1. Avant 1946;;;;Ensemble 3P;;22,1;25,2;28,6;;25;;1294;1530;1799;;1566;63;460;4;
B7500;2024;L7501;;;;;1. Avant 1946;;;;Ensemble 4P+;;21,2;24,9;27,9;;24,7;;1919;2559;3400;;2740;111;328;4;
B7500;2024;L7501;;;;;2. Entre 1946-1970;;;;;;22,9;26;29,3;;24,9;;806;1099;1450;;1205;48;698;4;
B7500;2024;L7501;;;;;2. Entre 1946-1970;;;;Ensemble 1P;;25,8;28,4;32,1;;28,2;;673;771;849;;763;27;231;4;
B7500;2024;L7501;;;;;2. Entre 1946-1970;;;;Ensemble 2P;;22,9;26,1;28,8;;25,6;;941;1150;1292;;1153;45;249;4;
B7500;2024;L7501;;;;;2. Entre 1946-1970;;;;Ensemble 3P;;20,4;23,4;26,8;;23,6;;1265;1486;1783;;1552;66;134;4;
B7500;2024;L7501;;;;;2. Entre 1946-1970;;;;Ensemble 4P+;;20;23,1;25,5;;22,6;;1700;2225;2400;;2138;95;84;4;
B7500;2024;L7501;;;;;3. Entre 1971-1990;;;;;;22,2;25,5;29,1;;24,6;;807;1125;1489;;1234;50;717;4;
B7500;2024;L7501;;;;;3. Entre 1971-1990;;;;Ensemble 1P;;25,3;28,8;32,6;;27,8;;672;773;867;;768;28;254;4;
B7500;2024;L7501;;;;;3. Entre 1971-1990;;;;Ensemble 2P;;22,1;25,2;27,8;;24,7;;982;1155;1319;;1147;47;215;4;
B7500;2024;L7501;;;;;3. Entre 1971-1990;;;;Ensemble 3P;;19,8;23,2;24,9;;22,9;;1313;1483;1677;;1556;68;146;4;
B7500;2024;L7501;;;;;3. Entre 1971-1990;;;;Ensemble 4P+;;20,6;23,5;26,7;;23,7;;1700;2095;2487;;2186;92;102;4;
B7500;2024;L7501;;;;;4. Entre 1991-2005;;;;;;;;;;;;;;;;;;;4;Estimation �conom�trique (pour valeur de march�)
B7500;2024;L7501;;;;;4. Entre 1991-2005;;;;Ensemble 1P;;;;;;;;;;;;;;;4;Estimation �conom�trique (pour valeur de march�)
B7500;2024;L7501;;;;;4. Entre 1991-2005;;;;Ensemble 2P;;;;;;;;;;;;;;;4;Estimation �conom�trique (pour valeur de march�)
B7500;2024;L7501;;;;;4. Entre 1991-2005;;;;Ensemble 3P;;;;;;;;;;;;;;;4;Estimation �conom�trique (pour valeur de march�)
B7500;2024;L7501;;;;;4. Entre 1991-2005;;;;Ensemble 4P+;;;;;;;;;;;;;;;4;Estimation �conom�trique (pour valeur de march�)
B7500;2024;L7501;;;;;5. Apr�s 2005;;;;;;;;;;;;;;;;;;;4;Estimation �conom�trique (pour valeur de march�)
B7500;2024;L7501;;;;;5. Apr�s 2005;;;;Ensemble 1P;;;;;;;;;;;;;;;4;Estimation �conom�trique (pour valeur de march�)
B7500;2024;L7501;;;;;5. Apr�s 2005;;;;Ensemble 2P;;;;;;;;;;;;;;;4;Estimation �conom�trique (pour valeur de march�)
B7500;2024;L7501;;;;;5. Apr�s 2005;;;;Ensemble 3P;;;;;;;;;;;;;;;4;Estimation �conom�trique (pour valeur de march�)
B7500;2024;L7501;;;;;5. Apr�s 2005;;;;Ensemble 4P+;;;;;;;;;;;;;;;4;Estimation �conom�trique (pour valeur de march�)
B7500;2024;L7501;;;;1. Avant 1946;;;;;;;23,9;27,5;31,3;;26,3;;808;1057;1550;;1307;50;1992;4;
B7500;2024;L7501;;;;1. Avant 1946;;;;Ensemble 1P;;;28,3;32,4;36,7;;31,8;;610;716;840;;741;23;433;4;
B7500;2024;L7501;;;;1. Avant 1946;;;;Ensemble 2P;;;24;26,7;30,3;;26,9;;870;1024;1195;;1076;40;771;4;
B7500;2024;L7501;;;;1. Avant 1946;;;;Ensemble 3P;;;22,1;25,2;28,6;;25;;1294;1530;1799;;1566;63;460;4;
B7500;2024;L7501;;;;1. Avant 1946;;;;Ensemble 4P+;;;21,2;24,9;27,9;;24,7;;1919;2559;3400;;2740;111;328;4;
B7500;2024;L7501;;;;2. Entre 1946-1970;;;;;;;22,9;26;29,3;;24,9;;806;1099;1450;;1205;48;698;4;
B7500;2024;L7501;;;;2. Entre 1946-1970;;;;Ensemble 1P;;;25,8;28,4;32,1;;28,2;;673;771;849;;763;27;231;4;
B7500;2024;L7501;;;;2. Entre 1946-1970;;;;Ensemble 2P;;;22,9;26,1;28,8;;25,6;;941;1150;1292;;1153;45;249;4;
B7500;2024;L7501;;;;2. Entre 1946-1970;;;;Ensemble 3P;;;20,4;23,4;26,8;;23,6;;1265;1486;1783;;1552;66;134;4;
B7500;2024;L7501;;;;2. Entre 1946-1970;;;;Ensemble 4P+;;;20;23,1;25,5;;22,6;;1700;2225;2400;;2138;95;84;4;
B7500;2024;L7501;;;;3. Entre 1971-1990;;;;;;;22,2;25,5;29,1;;24,6;;807;1125;1489;;1234;50;717;4;
B7500;2024;L7501;;;;3. Entre 1971-1990;;;;Ensemble 1P;;;25,3;28,8;32,6;;27,8;;672;773;867;;768;28;254;4;
B7500;2024;L7501;;;;3. Entre 1971-1990;;;;Ensemble 2P;;;22,1;25,2;27,8;;24,7;;982;1155;1319;;1147;47;215;4;
B7500;2024;L7501;;;;3. Entre 1971-1990;;;;Ensemble 3P;;;19,8;23,2;24,9;;22,9;;1313;1483;1677;;1556;68;146;4;
B7500;2024;L7501;;;;3. Entre 1971-1990;;;;Ensemble 4P+;;;20,6;23,5;26,7;;23,7;;1700;2095;2487;;2186;92;102;4;
B7500;2024;L7501;;;;4. Apr�s 1990;;;;;;;21,7;25,3;28,2;;24,3;;894;1292;1650;;1359;56;279;4;
B7500;2024;L7501;;;;4. Apr�s 1990;;;;Ensemble 1P;;;24,8;28,6;31,3;;27,5;;680;810;866;;786;29;75;4;
B7500;2024;L7501;;;;4. Apr�s 1990;;;;Ensemble 2P;;;21,7;25,5;27,8;;25;;1008;1244;1405;;1214;49;95;4;
B7500;2024;L7501;;;;4. Apr�s 1990;;;;Ensemble 3P;;;21,3;24,2;26,6;;23,7;;1465;1615;1835;;1624;69;63;4;
B7500;2024;L7501;;;;4. Apr�s 1990;;;;Ensemble 4P+;;;;;;;;;;;;;;;46;4;Estimation directe
B7500;2024;L7501;;;Maison;;;;;;;;;;;;;;;;;;;;;4;Estimation �conom�trique (pour valeur de march�)
B7500;2024;L7501;;;Appartement;;;;;;;;23,2;26,6;30,3;;25,5;;811;1099;1521;;1270;50;3663;4;
B7500;2024;L7501;;;Appartement;;;;;;Appart 1P;;26,6;30,2;34,2;;29,5;;644;754;852;;756;26;993;4;
B7500;2024;L7501;;;Appartement;;;;;;Appart 2P;;23,4;26,5;29,3;;26,1;;900;1086;1276;;1113;43;1327;4;
B7500;2024;L7501;;;Appartement;;;;;;Appart 3P;;21,3;24,2;27,5;;24,1;;1313;1519;1780;;1567;65;799;4;
B7500;2024;L7501;;;Appartement;;;;;;Appart 4P+;;20,4;24,1;27;;23,9;;1750;2253;2864;;2445;102;544;4;
B7500;2024;L7501;;;Appartement;;;;;Appart 1P;;;26,6;30,2;34,2;;29,5;;644;754;852;;756;26;993;4;
B7500;2024;L7501;;;Appartement;;;;;Appart 2P;;;23,4;26,5;29,3;;26,1;;900;1086;1276;;1113;43;1327;4;
B7500;2024;L7501;;;Appartement;;;;;Appart 3P;;;21,3;24,2;27,5;;24,1;;1313;1519;1780;;1567;65;799;4;
B7500;2024;L7501;;;Appartement;;;;;Appart 4P+;;;20,4;24,1;27;;23,9;;1750;2253;2864;;2445;102;544;4;
B7500;2024;L7501;;;Appartement;;;;1. Moins de 1 an;;;;24,9;27,5;31,1;;27,2;;798;1048;1417;;1215;45;443;4;
B7500;2024;L7501;;;Appartement;;;;1. Moins de 1 an;;Appart 1P;;28,8;31,9;35,5;;31,4;;637;764;852;;749;24;125;4;
B7500;2024;L7501;;;Appartement;;;;1. Moins de 1 an;;Appart 2P;;24,6;26,7;29,3;;26,7;;870;1090;1183;;1078;40;161;4;
B7500;2024;L7501;;;Appartement;;;;1. Moins de 1 an;;Appart 3P;;23,4;25;27;;25,3;;1350;1500;1762;;1576;62;92;4;
B7500;2024;L7501;;;Appartement;;;;1. Moins de 1 an;;Appart 4P+;;23,9;25,9;29,2;;26,5;;2007;2400;2962;;2705;102;65;4;
B7500;2024;L7501;;;Appartement;;;1. Moins de 1 an;;;;;24,9;27,5;31,1;;27,2;;798;1048;1417;;1215;45;443;4;
B7500;2024;L7501;;;Appartement;;;1. Moins de 1 an;;Appart 1P;;;28,8;31,9;35,5;;31,4;;637;764;852;;749;24;125;4;
B7500;2024;L7501;;;Appartement;;;1. Moins de 1 an;;Appart 2P;;;24,6;26,7;29,3;;26,7;;870;1090;1183;;1078;40;161;4;
B7500;2024;L7501;;;Appartement;;;1. Moins de 1 an;;Appart 3P;;;23,4;25;27;;25,3;;1350;1500;1762;;1576;62;92;4;
B7500;2024;L7501;;;Appartement;;;1. Moins de 1 an;;Appart 4P+;;;23,9;25,9;29,2;;26,5;;2007;2400;2962;;2705;102;65;4;
B7500;2024;L7501;;;Appartement;;1. Avant 1946;;;;;;23,9;27,5;31,3;;26,3;;807;1055;1536;;1299;49;1975;4;
B7500;2024;L7501;;;Appartement;;2. Entre 1946-1970;;;;;;22,9;25,9;29,3;;24,9;;806;1099;1445;;1204;48;697;4;
B7500;2024;L7501;;;Appartement;;3. Entre 1971-1990;;;;;;22,2;25,5;29,1;;24,6;;807;1125;1483;;1232;50;716;4;
B7500;2024;L7501;;;Appartement;;4. Entre 1991-2005;;;;;;;;;;;;;;;;;;;4;Estimation �conom�trique (pour valeur de march�)
B7500;2024;L7501;;;Appartement;;5. Apr�s 2005;;;;;;;;;;;;;;;;;;;4;Estimation �conom�trique (pour valeur de march�)
B7500;2024;L7501;;;Appartement;1. Avant 1946;;;;;;;23,9;27,5;31,3;;26,3;;807;1055;1536;;1299;49;1975;4;
B7500;2024;L7501;;;Appartement;1. Avant 1946;;;;Appart 1P;;;28,3;32,4;36,7;;31,8;;610;716;840;;741;23;433;4;
B7500;2024;L7501;;;Appartement;1. Avant 1946;;;;Appart 2P;;;24;26,7;30,3;;26,9;;870;1024;1195;;1076;40;768;4;
B7500;2024;L7501;;;Appartement;1. Avant 1946;;;;Appart 3P;;;22,1;25,2;28,6;;25;;1293;1530;1799;;1566;63;458;4;
B7500;2024;L7501;;;Appartement;1. Avant 1946;;;;Appart 4P+;;;21,2;24,7;27,9;;24,5;;1890;2530;3262;;2712;111;316;4;
B7500;2024;L7501;;;Appartement;2. Entre 1946-1970;;;;;;;22,9;25,9;29,3;;24,9;;806;1099;1445;;1204;48;697;4;
B7500;2024;L7501;;;Appartement;2. Entre 1946-1970;;;;Appart 1P;;;25,8;28,4;32,1;;28,2;;673;771;849;;763;27;231;4;
B7500;2024;L7501;;;Appartement;2. Entre 1946-1970;;;;Appart 2P;;;22,9;26,1;28,8;;25,6;;941;1150;1292;;1153;45;249;4;
B7500;2024;L7501;;;Appartement;2. Entre 1946-1970;;;;Appart 3P;;;20,4;23,4;26,8;;23,5;;1265;1486;1783;;1550;66;133;4;
B7500;2024;L7501;;;Appartement;2. Entre 1946-1970;;;;Appart 4P+;;;20;23,1;25,5;;22,6;;1700;2225;2400;;2138;95;84;4;
B7500;2024;L7501;;;Appartement;3. Entre 1971-1990;;;;;;;22,2;25,5;29,1;;24,6;;807;1125;1483;;1232;50;716;4;
B7500;2024;L7501;;;Appartement;3. Entre 1971-1990;;;;Appart 1P;;;25,3;28,8;32,6;;27,8;;672;773;867;;768;28;254;4;
B7500;2024;L7501;;;Appartement;3. Entre 1971-1990;;;;Appart 2P;;;22,1;25,2;27,8;;24,7;;982;1155;1319;;1147;47;215;4;
B7500;2024;L7501;;;Appartement;3. Entre 1971-1990;;;;Appart 3P;;;19,8;23,2;24,9;;22,9;;1313;1483;1677;;1556;68;146;4;
B7500;2024;L7501;;;Appartement;3. Entre 1971-1990;;;;Appart 4P+;;;20,6;23,5;26,9;;23,8;;1700;2095;2465;;2179;92;101;4;
B7500;2024;L7501;;;Appartement;4. Apr�s 1990;;;;;;;21,7;25,3;28,2;;24,3;;887;1292;1621;;1343;55;275;4;
B7500;2024;L7501;;;Appartement;4. Apr�s 1990;;;;Appart 1P;;;24,8;28,6;31,3;;27,5;;680;810;866;;786;29;75;4;
B7500;2024;L7501;;;Appartement;4. Apr�s 1990;;;;Appart 2P;;;21,7;25,5;27,8;;25;;1008;1244;1405;;1214;49;95;4;
B7500;2024;L7501;;;Appartement;4. Apr�s 1990;;;;Appart 3P;;;21,3;24,2;26,6;;23,7;;1465;1615;1835;;1623;69;62;4;
B7500;2024;L7501;;;Appartement;4. Apr�s 1990;;;;Appart 4P+;;;;;;;;;;;;;;;43;4;Estimation directe
B7500;2024;L7501;;;Appartement;;1. Avant 1946;;;;Appart 1P;;28,3;32,4;36,7;;31,8;;610;716;840;;741;23;433;4;
B7500;2024;L7501;;;Appartement;;1. Avant 1946;;;;Appart 2P;;24;26,7;30,3;;26,9;;870;1024;1195;;1076;40;768;4;
B7500;2024;L7501;;;Appartement;;1. Avant 1946;;;;Appart 3P;;22,1;25,2;28,6;;25;;1293;1530;1799;;1566;63;458;4;
B7500;2024;L7501;;;Appartement;;1. Avant 1946;;;;Appart 4P+;;21,2;24,7;27,9;;24,5;;1890;2530;3262;;2712;111;316;4;
B7500;2024;L7501;;;Appartement;;2. Entre 1946-1970;;;;Appart 1P;;25,8;28,4;32,1;;28,2;;673;771;849;;763;27;231;4;
B7500;2024;L7501;;;Appartement;;2. Entre 1946-1970;;;;Appart 2P;;22,9;26,1;28,8;;25,6;;941;1150;1292;;1153;45;249;4;
B7500;2024;L7501;;;Appartement;;2. Entre 1946-1970;;;;Appart 3P;;20,4;23,4;26,8;;23,5;;1265;1486;1783;;1550;66;133;4;
B7500;2024;L7501;;;Appartement;;2. Entre 1946-1970;;;;Appart 4P+;;20;23,1;25,5;;22,6;;1700;2225;2400;;2138;95;84;4;
B7500;2024;L7501;;;Appartement;;3. Entre 1971-1990;;;;Appart 1P;;25,3;28,8;32,6;;27,8;;672;773;867;;768;28;254;4;
B7500;2024;L7501;;;Appartement;;3. Entre 1971-1990;;;;Appart 2P;;22,1;25,2;27,8;;24,7;;982;1155;1319;;1147;47;215;4;
B7500;2024;L7501;;;Appartement;;3. Entre 1971-1990;;;;Appart 3P;;19,8;23,2;24,9;;22,9;;1313;1483;1677;;1556;68;146;4;
B7500;2024;L7501;;;Appartement;;3. Entre 1971-1990;;;;Appart 4P+;;20,6;23,5;26,9;;23,8;;1700;2095;2465;;2179;92;101;4;
B7500;2024;L7501;;;Appartement;;4. Entre 1991-2005;;;;Appart 1P;;;;;;;;;;;;;;;4;Estimation �conom�trique (pour valeur de march�)
B7500;2024;L7501;;;Appartement;;4. Entre 1991-2005;;;;Appart 2P;;;;;;;;;;;;;;;4;Estimation �conom�trique (pour valeur de march�)
B7500;2024;L7501;;;Appartement;;4. Entre 1991-2005;;;;Appart 3P;;;;;;;;;;;;;;;4;Estimation �conom�trique (pour valeur de march�)
B7500;2024;L7501;;;Appartement;;4. Entre 1991-2005;;;;Appart 4P+;;;;;;;;;;;;;;;4;Estimation �conom�trique (pour valeur de march�)
B7500;2024;L7501;;;Appartement;;5. Apr�s 2005;;;;Appart 1P;;;;;;;;;;;;;;;4;Estimation �conom�trique (pour valeur de march�)
B7500;2024;L7501;;;Appartement;;5. Apr�s 2005;;;;Appart 2P;;;;;;;;;;;;;;;4;Estimation �conom�trique (pour valeur de march�)
B7500;2024;L7501;;;Appartement;;5. Apr�s 2005;;;;Appart 3P;;;;;;;;;;;;;;;4;Estimation �conom�trique (pour valeur de march�)
B7500;2024;L7501;;;Appartement;;5. Apr�s 2005;;;;Appart 4P+;;;;;;;;;;;;;;;4;Estimation �conom�trique (pour valeur de march�)
B7500;2024;L7501;L7501.1.101;;;;;;;;;;28,4;31,8;35,7;;;;;;;;;;1820;1;
B7500;2024;L7501;L7501.1.101;;;1. Avant 1946;;;;Ensemble 1P;;;29,2;34,9;39,9;;;;;;;;;;278;1;
B7500;2024;L7501;L7501.1.101;;;1. Avant 1946;;;;Ensemble 2P;;;28,5;31,1;35;;;;;;;;;;405;1;
B7500;2024;L7501;L7501.1.101;;;1. Avant 1946;;;;Ensemble 3P;;;26;29,5;33,4;;;;;;;;;;276;1;
B7500;2024;L7501;L7501.1.101;;;1. Avant 1946;;;;Ensemble 4P+;;;27,7;31;34,5;;;;;;;;;;497;1;
B7500;2024;L7501;L7501.1.101;;;2. Entre 1946-1970;;;;Ensemble 1P;;;;;;;;;;;;;;;;1;Estimation directe
B7500;2024;L7501;L7501.1.101;;;2. Entre 1946-1970;;;;Ensemble 2P;;;;;;;;;;;;;;;;1;Estimation directe
B7500;2024;L7501;L7501.1.101;;;2. Entre 1946-1970;;;;Ensemble 3P;;;;;;;;;;;;;;;;1;Estimation directe
B7500;2024;L7501;L7501.1.101;;;2. Entre 1946-1970;;;;Ensemble 4P+;;;26,1;27,8;33,1;;;;;;;;;;53;1;
B7500;2024;L7501;L7501.1.101;;;3. Entre 1971-1990;;;;Ensemble 1P;;;;;;;;;;;;;;;;1;Estimation directe
B7500;2024;L7501;L7501.1.101;;;3. Entre 1971-1990;;;;Ensemble 2P;;;;;;;;;;;;;;;;1;Estimation directe
B7500;2024;L7501;L7501.1.101;;;3. Entre 1971-1990;;;;Ensemble 3P;;;;;;;;;;;;;;;;1;Estimation directe
B7500;2024;L7501;L7501.1.101;;;3. Entre 1971-1990;;;;Ensemble 4P+;;;;;;;;;;;;;;;;1;Estimation directe
B7500;2024;L7501;L7501.1.101;;;4. Apr�s 1990;;;;Ensemble 1P;;;;;;;;;;;;;;;;1;Estimation directe
B7500;2024;L7501;L7501.1.101;;;4. Apr�s 1990;;;;Ensemble 2P;;;;;;;;;;;;;;;;1;Estimation directe
B7500;2024;L7501;L7501.1.101;;;4. Apr�s 1990;;;;Ensemble 3P;;;;;;;;;;;;;;;;1;Estimation directe
B7500;2024;L7501;L7501.1.101;;;4. Apr�s 1990;;;;Ensemble 4P+;;;;;;;;;;;;;;;;1;Estimation directe
B7500;2024;L7501;L7501.1.101;;;;1. Avant 1946;;;;Appart 4P+;;29,2;34,9;39,9;;;;;;;;;;278;1;
B7500;2024;L7501;L7501.1.101;;;;1. Avant 1946;;;;Ensemble 1P;;28,5;31,1;35;;;;;;;;;;405;1;
B7500;2024;L7501;L7501.1.101;;;;1. Avant 1946;;;;Ensemble 2P;;26;29,5;33,4;;;;;;;;;;276;1;
B7500;2024;L7501;L7501.1.101;;;;1. Avant 1946;;;;Ensemble 3P;;27,7;31;34,5;;;;;;;;;;497;1;
B7500;2024;L7501;L7501.1.101;;;;2. Entre 1946-1970;;;;Appart 4P+;;;;;;;;;;;;;;;1;Estimation directe
B7500;2024;L7501;L7501.1.101;;;;2. Entre 1946-1970;;;;Ensemble 1P;;;;;;;;;;;;;;;1;Estimation directe
B7500;2024;L7501;L7501.1.101;;;;2. Entre 1946-1970;;;;Ensemble 2P;;;;;;;;;;;;;;;1;Estimation directe
B7500;2024;L7501;L7501.1.101;;;;2. Entre 1946-1970;;;;Ensemble 3P;;26,1;27,8;33,1;;;;;;;;;;53;1;
B7500;2024;L7501;L7501.1.101;;;;3. Entre 1971-1990;;;;Appart 4P+;;;;;;;;;;;;;;;1;Estimation directe
B7500;2024;L7501;L7501.1.101;;;;3. Entre 1971-1990;;;;Ensemble 1P;;;;;;;;;;;;;;;1;Estimation directe
B7500;2024;L7501;L7501.1.101;;;;3. Entre 1971-1990;;;;Ensemble 2P;;;;;;;;;;;;;;;1;Estimation directe
B7500;2024;L7501;L7501.1.101;;;;3. Entre 1971-1990;;;;Ensemble 3P;;;;;;;;;;;;;;;1;Estimation directe
B7500;2024;L7501;L7501.1.101;;;;4. Entre 1991-2005;;;;Appart 4P+;;;;;;;;;;;;;;;1;Estimation �conom�trique (pour valeur de march�)
B7500;2024;L7501;L7501.1.101;;;;4. Entre 1991-2005;;;;Ensemble 1P;;;;;;;;;;;;;;;1;Estimation �conom�trique (pour valeur de march�)
B7500;2024;L7501;L7501.1.101;;;;4. Entre 1991-2005;;;;Ensemble 2P;;;;;;;;;;;;;;;1;Estimation �conom�trique (pour valeur de march�)
B7500;2024;L7501;L7501.1.101;;;;4. Entre 1991-2005;;;;Ensemble 3P;;;;;;;;;;;;;;;1;Estimation �conom�trique (pour valeur de march�)
B7500;2024;L7501;L7501.1.101;;;;5. Apr�s 2005;;;;Appart 4P+;;;;;;;;;;;;;;;1;Estimation �conom�trique (pour valeur de march�)
B7500;2024;L7501;L7501.1.101;;;;5. Apr�s 2005;;;;Ensemble 1P;;;;;;;;;;;;;;;1;Estimation �conom�trique (pour valeur de march�)
B7500;2024;L7501;L7501.1.101;;;;5. Apr�s 2005;;;;Ensemble 2P;;;;;;;;;;;;;;;1;Estimation �conom�trique (pour valeur de march�)
B7500;2024;L7501;L7501.1.101;;;;5. Apr�s 2005;;;;Ensemble 3P;;;;;;;;;;;;;;;1;Estimation �conom�trique (pour valeur de march�)
B7500;2024;L7501;L7501.1.102;;;;;;;;;;27,6;31;35,4;;;;;;;;;;2334;1;
B7500;2024;L7501;L7501.1.102;;;1. Avant 1946;;;;Ensemble 1P;;;32,5;35,7;39,7;;;;;;;;;;485;1;
B7500;2024;L7501;L7501.1.102;;;1. Avant 1946;;;;Ensemble 2P;;;28,7;31,4;35,5;;;;;;;;;;543;1;
B7500;2024;L7501;L7501.1.102;;;1. Avant 1946;;;;Ensemble 3P;;;26,5;29,6;33,5;;;;;;;;;;398;1;
B7500;2024;L7501;L7501.1.102;;;1. Avant 1946;;;;Ensemble 4P+;;;25,1;27,7;31;;;;;;;;;;556;1;
B7500;2024;L7501;L7501.1.102;;;2. Entre 1946-1970;;;;Ensemble 1P;;;;;;;;;;;;;;;;1;Estimation directe
B7500;2024;L7501;L7501.1.102;;;2. Entre 1946-1970;;;;Ensemble 2P;;;;;;;;;;;;;;;;1;Estimation directe
B7500;2024;L7501;L7501.1.102;;;2. Entre 1946-1970;;;;Ensemble 3P;;;;;;;;;;;;;;;;1;Estimation directe
B7500;2024;L7501;L7501.1.102;;;2. Entre 1946-1970;;;;Ensemble 4P+;;;;;;;;;;;;;;;;1;Estimation directe
B7500;2024;L7501;L7501.1.102;;;3. Entre 1971-1990;;;;Ensemble 1P;;;;;;;;;;;;;;;;1;Estimation directe
B7500;2024;L7501;L7501.1.102;;;3. Entre 1971-1990;;;;Ensemble 2P;;;;;;;;;;;;;;;;1;Estimation directe
B7500;2024;L7501;L7501.1.102;;;3. Entre 1971-1990;;;;Ensemble 3P;;;;;;;;;;;;;;;;1;Estimation directe
B7500;2024;L7501;L7501.1.102;;;3. Entre 1971-1990;;;;Ensemble 4P+;;;;;;;;;;;;;;;;1;Estimation directe
B7500;2024;L7501;L7501.1.102;;;4. Apr�s 1990;;;;Ensemble 1P;;;;;;;;;;;;;;;;1;Estimation directe
B7500;2024;L7501;L7501.1.102;;;4. Apr�s 1990;;;;Ensemble 2P;;;;;;;;;;;;;;;;1;Estimation directe
B7500;2024;L7501;L7501.1.102;;;4. Apr�s 1990;;;;Ensemble 3P;;;;;;;;;;;;;;;;1;Estimation directe
B7500;2024;L7501;L7501.1.102;;;4. Apr�s 1990;;;;Ensemble 4P+;;;;;;;;;;;;;;;;1;Estimation directe
B7500;2024;L7501;L7501.1.102;;;;1. Avant 1946;;;;Appart 4P+;;32,5;35,7;39,7;;;;;;;;;;485;1;
B7500;2024;L7501;L7501.1.102;;;;1. Avant 1946;;;;Ensemble 1P;;28,7;31,4;35,5;;;;;;;;;;543;1;
B7500;2024;L7501;L7501.1.102;;;;1. Avant 1946;;;;Ensemble 2P;;26,5;29,6;33,5;;;;;;;;;;398;1;
B7500;2024;L7501;L7501.1.102;;;;1. Avant 1946;;;;Ensemble 3P;;25,1;27,7;31;;;;;;;;;;556;1;
B7500;2024;L7501;L7501.1.102;;;;2. Entre 1946-1970;;;;Appart 4P+;;;;;;;;;;;;;;;1;Estimation directe
B7500;2024;L7501;L7501.1.102;;;;2. Entre 1946-1970;;;;Ensemble 1P;;;;;;;;;;;;;;;1;Estimation directe
B7500;2024;L7501;L7501.1.102;;;;2. Entre 1946-1970;;;;Ensemble 2P;;;;;;;;;;;;;;;1;Estimation directe
B7500;2024;L7501;L7501.1.102;;;;2. Entre 1946-1970;;;;Ensemble 3P;;;;;;;;;;;;;;;1;Estimation directe
B7500;2024;L7501;L7501.1.102;;;;3. Entre 1971-1990;;;;Appart 4P+;;;;;;;;;;;;;;;1;Estimation directe
B7500;2024;L7501;L7501.1.102;;;;3. Entre 1971-1990;;;;Ensemble 1P;;;;;;;;;;;;;;;1;Estimation directe
B7500;2024;L7501;L7501.1.102;;;;3. Entre 1971-1990;;;;Ensemble 2P;;;;;;;;;;;;;;;1;Estimation directe
B7500;2024;L7501;L7501.1.102;;;;3. Entre 1971-1990;;;;Ensemble 3P;;;;;;;;;;;;;;;1;Estimation directe
B7500;2024;L7501;L7501.1.102;;;;4. Entre 1991-2005;;;;Appart 4P+;;;;;;;;;;;;;;;1;Estimation �conom�trique (pour valeur de march�)
B7500;2024;L7501;L7501.1.102;;;;4. Entre 1991-2005;;;;Ensemble 1P;;;;;;;;;;;;;;;1;Estimation �conom�trique (pour valeur de march�)
B7500;2024;L7501;L7501.1.102;;;;4. Entre 1991-2005;;;;Ensemble 2P;;;;;;;;;;;;;;;1;Estimation �conom�trique (pour valeur de march�)
B7500;2024;L7501;L7501.1.102;;;;4. Entre 1991-2005;;;;Ensemble 3P;;;;;;;;;;;;;;;1;Estimation �conom�trique (pour valeur de march�)
B7500;2024;L7501;L7501.1.102;;;;5. Apr�s 2005;;;;Appart 4P+;;;;;;;;;;;;;;;1;Estimation �conom�trique (pour valeur de march�)
B7500;2024;L7501;L7501.1.102;;;;5. Apr�s 2005;;;;Ensemble 1P;;;;;;;;;;;;;;;1;Estimation �conom�trique (pour valeur de march�)
B7500;2024;L7501;L7501.1.102;;;;5. Apr�s 2005;;;;Ensemble 2P;;;;;;;;;;;;;;;1;Estimation �conom�trique (pour valeur de march�)
B7500;2024;L7501;L7501.1.102;;;;5. Apr�s 2005;;;;Ensemble 3P;;;;;;;;;;;;;;;1;Estimation �conom�trique (pour valeur de march�)
B7500;2024;L7501;L7501.1.103;;;;;;;;;;25,4;28,4;31,9;;;;;;;;;;2418;1;
B7500;2024;L7501;L7501.1.103;;;1. Avant 1946;;;;Ensemble 1P;;;27,8;31;35,7;;;;;;;;;;308;1;
B7500;2024;L7501;L7501.1.103;;;1. Avant 1946;;;;Ensemble 2P;;;26,1;28,7;31,9;;;;;;;;;;419;1;
B7500;2024;L7501;L7501.1.103;;;1. Avant 1946;;;;Ensemble 3P;;;25,2;26,7;30,7;;;;;;;;;;334;1;
B7500;2024;L7501;L7501.1.103;;;1. Avant 1946;;;;Ensemble 4P+;;;24,1;26,4;28,7;;;;;;;;;;721;1;
B7500;2024;L7501;L7501.1.103;;;2. Entre 1946-1970;;;;Ensemble 1P;;;27,4;31,1;35,8;;;;;;;;;;127;1;
B7500;2024;L7501;L7501.1.103;;;2. Entre 1946-1970;;;;Ensemble 2P;;;26,1;29,3;32;;;;;;;;;;129;1;
B7500;2024;L7501;L7501.1.103;;;2. Entre 1946-1970;;;;Ensemble 3P;;;26,1;28,7;31,6;;;;;;;;;;84;1;
B7500;2024;L7501;L7501.1.103;;;2. Entre 1946-1970;;;;Ensemble 4P+;;;;;;;;;;;;;;;;1;Estimation directe
B7500;2024;L7501;L7501.1.103;;;3. Entre 1971-1990;;;;Ensemble 1P;;;;;;;;;;;;;;;;1;Estimation directe
B7500;2024;L7501;L7501.1.103;;;3. Entre 1971-1990;;;;Ensemble 2P;;;;;;;;;;;;;;;;1;Estimation directe
B7500;2024;L7501;L7501.1.103;;;3. Entre 1971-1990;;;;Ensemble 3P;;;;;;;;;;;;;;;;1;Estimation directe
B7500;2024;L7501;L7501.1.103;;;3. Entre 1971-1990;;;;Ensemble 4P+;;;;;;;;;;;;;;;;1;Estimation directe
B7500;2024;L7501;L7501.1.103;;;4. Apr�s 1990;;;;Ensemble 1P;;;;;;;;;;;;;;;;1;Estimation directe
B7500;2024;L7501;L7501.1.103;;;4. Apr�s 1990;;;;Ensemble 2P;;;;;;;;;;;;;;;;1;Estimation directe
B7500;2024;L7501;L7501.1.103;;;4. Apr�s 1990;;;;Ensemble 3P;;;;;;;;;;;;;;;;1;Estimation directe
B7500;2024;L7501;L7501.1.103;;;4. Apr�s 1990;;;;Ensemble 4P+;;;;;;;;;;;;;;;;1;Estimation directe
B7500;2024;L7501;L7501.1.103;;;;1. Avant 1946;;;;Appart 4P+;;27,8;31;35,7;;;;;;;;;;308;1;
B7500;2024;L7501;L7501.1.103;;;;1. Avant 1946;;;;Ensemble 1P;;26,1;28,7;31,9;;;;;;;;;;419;1;
B7500;2024;L7501;L7501.1.103;;;;1. Avant 1946;;;;Ensemble 2P;;25,2;26,7;30,7;;;;;;;;;;334;1;
B7500;2024;L7501;L7501.1.103;;;;1. Avant 1946;;;;Ensemble 3P;;24,1;26,4;28,7;;;;;;;;;;721;1;
B7500;2024;L7501;L7501.1.103;;;;2. Entre 1946-1970;;;;Appart 4P+;;27,4;31,1;35,8;;;;;;;;;;127;1;
B7500;2024;L7501;L7501.1.103;;;;2. Entre 1946-1970;;;;Ensemble 1P;;26,1;29,3;32;;;;;;;;;;129;1;
B7500;2024;L7501;L7501.1.103;;;;2. Entre 1946-1970;;;;Ensemble 2P;;26,1;28,7;31,6;;;;;;;;;;84;1;
B7500;2024;L7501;L7501.1.103;;;;2. Entre 1946-1970;;;;Ensemble 3P;;;;;;;;;;;;;;;1;Estimation directe
B7500;2024;L7501;L7501.1.103;;;;3. Entre 1971-1990;;;;Appart 4P+;;;;;;;;;;;;;;;1;Estimation directe
B7500;2024;L7501;L7501.1.103;;;;3. Entre 1971-1990;;;;Ensemble 1P;;;;;;;;;;;;;;;1;Estimation directe
B7500;2024;L7501;L7501.1.103;;;;3. Entre 1971-1990;;;;Ensemble 2P;;;;;;;;;;;;;;;1;Estimation directe
B7500;2024;L7501;L7501.1.103;;;;3. Entre 1971-1990;;;;Ensemble 3P;;;;;;;;;;;;;;;1;Estimation directe
B7500;2024;L7501;L7501.1.103;;;;4. Entre 1991-2005;;;;Appart 4P+;;;;;;;;;;;;;;;1;Estimation �conom�trique (pour valeur de march�)
B7500;2024;L7501;L7501.1.103;;;;4. Entre 1991-2005;;;;Ensemble 1P;;;;;;;;;;;;;;;1;Estimation �conom�trique (pour valeur de march�)
B7500;2024;L7501;L7501.1.103;;;;4. Entre 1991-2005;;;;Ensemble 2P;;;;;;;;;;;;;;;1;Estimation �conom�trique (pour valeur de march�)
B7500;2024;L7501;L7501.1.103;;;;4. Entre 1991-2005;;;;Ensemble 3P;;;;;;;;;;;;;;;1;Estimation �conom�trique (pour valeur de march�)
B7500;2024;L7501;L7501.1.103;;;;5. Apr�s 2005;;;;Appart 4P+;;;;;;;;;;;;;;;1;Estimation �conom�trique (pour valeur de march�)
B7500;2024;L7501;L7501.1.103;;;;5. Apr�s 2005;;;;Ensemble 1P;;;;;;;;;;;;;;;1;Estimation �conom�trique (pour valeur de march�)
B7500;2024;L7501;L7501.1.103;;;;5. Apr�s 2005;;;;Ensemble 2P;;;;;;;;;;;;;;;1;Estimation �conom�trique (pour valeur de march�)
B7500;2024;L7501;L7501.1.103;;;;5. Apr�s 2005;;;;Ensemble 3P;;;;;;;;;;;;;;;1;Estimation �conom�trique (pour valeur de march�)
B7500;2024;L7501;L7501.1.104;;;;;;;;;;26,7;30,2;34,3;;;;;;;;;;2354;1;
B7500;2024;L7501;L7501.1.104;;;1. Avant 1946;;;;Ensemble 1P;;;30,9;34,6;39,1;;;;;;;;;;533;1;
B7500;2024;L7501;L7501.1.104;;;1. Avant 1946;;;;Ensemble 2P;;;28,5;30,6;34,3;;;;;;;;;;653;1;
B7500;2024;L7501;L7501.1.104;;;1. Avant 1946;;;;Ensemble 3P;;;24,1;27,2;30,9;;;;;;;;;;411;1;
B7500;2024;L7501;L7501.1.104;;;1. Avant 1946;;;;Ensemble 4P+;;;24,9;27,8;30,7;;;;;;;;;;385;1;
B7500;2024;L7501;L7501.1.104;;;2. Entre 1946-1970;;;;Ensemble 1P;;;;;;;;;;;;;;;;1;Estimation directe
B7500;2024;L7501;L7501.1.104;;;2. Entre 1946-1970;;;;Ensemble 2P;;;18;27,8;33,1;;;;;;;;;;75;1;
B7500;2024;L7501;L7501.1.104;;;2. Entre 1946-1970;;;;Ensemble 3P;;;;;;;;;;;;;;;;1;Estimation directe
B7500;2024;L7501;L7501.1.104;;;2. Entre 1946-1970;;;;Ensemble 4P+;;;;;;;;;;;;;;;;1;Estimation directe
B7500;2024;L7501;L7501.1.104;;;3. Entre 1971-1990;;;;Ensemble 1P;;;;;;;;;;;;;;;;1;Estimation directe
B7500;2024;L7501;L7501.1.104;;;3. Entre 1971-1990;;;;Ensemble 2P;;;;;;;;;;;;;;;;1;Estimation directe
B7500;2024;L7501;L7501.1.104;;;3. Entre 1971-1990;;;;Ensemble 3P;;;;;;;;;;;;;;;;1;Estimation directe
B7500;2024;L7501;L7501.1.104;;;3. Entre 1971-1990;;;;Ensemble 4P+;;;;;;;;;;;;;;;;1;Estimation directe
B7500;2024;L7501;L7501.1.104;;;4. Apr�s 1990;;;;Ensemble 1P;;;;;;;;;;;;;;;;1;Estimation directe
B7500;2024;L7501;L7501.1.104;;;4. Apr�s 1990;;;;Ensemble 2P;;;;;;;;;;;;;;;;1;Estimation directe
B7500;2024;L7501;L7501.1.104;;;4. Apr�s 1990;;;;Ensemble 3P;;;;;;;;;;;;;;;;1;Estimation directe
B7500;2024;L7501;L7501.1.104;;;4. Apr�s 1990;;;;Ensemble 4P+;;;;;;;;;;;;;;;;1;Estimation directe
B7500;2024;L7501;L7501.1.104;;;;1. Avant 1946;;;;Appart 4P+;;30,9;34,6;39,1;;;;;;;;;;533;1;
B7500;2024;L7501;L7501.1.104;;;;1. Avant 1946;;;;Ensemble 1P;;28,5;30,6;34,3;;;;;;;;;;653;1;
B7500;2024;L7501;L7501.1.104;;;;1. Avant 1946;;;;Ensemble 2P;;24,1;27,2;30,9;;;;;;;;;;411;1;
B7500;2024;L7501;L7501.1.104;;;;1. Avant 1946;;;;Ensemble 3P;;24,9;27,8;30,7;;;;;;;;;;385;1;
B7500;2024;L7501;L7501.1.104;;;;2. Entre 1946-1970;;;;Appart 4P+;;;;;;;;;;;;;;;1;Estimation directe
B7500;2024;L7501;L7501.1.104;;;;2. Entre 1946-1970;;;;Ensemble 1P;;18;27,8;33,1;;;;;;;;;;75;1;
B7500;2024;L7501;L7501.1.104;;;;2. Entre 1946-1970;;;;Ensemble 2P;;;;;;;;;;;;;;;1;Estimation directe
B7500;2024;L7501;L7501.1.104;;;;2. Entre 1946-1970;;;;Ensemble 3P;;;;;;;;;;;;;;;1;Estimation directe
B7500;2024;L7501;L7501.1.104;;;;3. Entre 1971-1990;;;;Appart 4P+;;;;;;;;;;;;;;;1;Estimation directe
B7500;2024;L7501;L7501.1.104;;;;3. Entre 1971-1990;;;;Ensemble 1P;;;;;;;;;;;;;;;1;Estimation directe
B7500;2024;L7501;L7501.1.104;;;;3. Entre 1971-1990;;;;Ensemble 2P;;;;;;;;;;;;;;;1;Estimation directe
B7500;2024;L7501;L7501.1.104;;;;3. Entre 1971-1990;;;;Ensemble 3P;;;;;;;;;;;;;;;1;Estimation directe
B7500;2024;L7501;L7501.1.104;;;;4. Entre 1991-2005;;;;Appart 4P+;;;;;;;;;;;;;;;1;Estimation �conom�trique (pour valeur de march�)
B7500;2024;L7501;L7501.1.104;;;;4. Entre 1991-2005;;;;Ensemble 1P;;;;;;;;;;;;;;;1;Estimation �conom�trique (pour valeur de march�)
B7500;2024;L7501;L7501.1.104;;;;4. Entre 1991-2005;;;;Ensemble 2P;;;;;;;;;;;;;;;1;Estimation �conom�trique (pour valeur de march�)
B7500;2024;L7501;L7501.1.104;;;;4. Entre 1991-2005;;;;Ensemble 3P;;;;;;;;;;;;;;;1;Estimation �conom�trique (pour valeur de march�)
B7500;2024;L7501;L7501.1.104;;;;5. Apr�s 2005;;;;Appart 4P+;;;;;;;;;;;;;;;1;Estimation �conom�trique (pour valeur de march�)
B7500;2024;L7501;L7501.1.104;;;;5. Apr�s 2005;;;;Ensemble 1P;;;;;;;;;;;;;;;1;Estimation �conom�trique (pour valeur de march�)
B7500;2024;L7501;L7501.1.104;;;;5. Apr�s 2005;;;;Ensemble 2P;;;;;;;;;;;;;;;1;Estimation �conom�trique (pour valeur de march�)
B7500;2024;L7501;L7501.1.104;;;;5. Apr�s 2005;;;;Ensemble 3P;;;;;;;;;;;;;;;1;Estimation �conom�trique (pour valeur de march�)
B7500;2024;L7501;L7501.1.105;;;;;;;;;;23,2;27,4;31;;;;;;;;;;3522;1;
B7500;2024;L7501;L7501.1.105;;;1. Avant 1946;;;;Ensemble 1P;;;28,8;33;37,4;;;;;;;;;;566;1;
B7500;2024;L7501;L7501.1.105;;;1. Avant 1946;;;;Ensemble 2P;;;24,9;28,2;31,2;;;;;;;;;;769;1;
B7500;2024;L7501;L7501.1.105;;;1. Avant 1946;;;;Ensemble 3P;;;22,3;25,2;28,3;;;;;;;;;;588;1;
B7500;2024;L7501;L7501.1.105;;;1. Avant 1946;;;;Ensemble 4P+;;;19,8;22,5;25,7;;;;;;;;;;535;1;
B7500;2024;L7501;L7501.1.105;;;2. Entre 1946-1970;;;;Ensemble 1P;;;27,5;30,4;34,8;;;;;;;;;;145;1;
B7500;2024;L7501;L7501.1.105;;;2. Entre 1946-1970;;;;Ensemble 2P;;;24,4;28;30,7;;;;;;;;;;102;1;
B7500;2024;L7501;L7501.1.105;;;2. Entre 1946-1970;;;;Ensemble 3P;;;20,6;21,9;29,7;;;;;;;;;;59;1;
B7500;2024;L7501;L7501.1.105;;;2. Entre 1946-1970;;;;Ensemble 4P+;;;;;;;;;;;;;;;;1;Estimation directe
B7500;2024;L7501;L7501.1.105;;;3. Entre 1971-1990;;;;Ensemble 1P;;;18,5;29,5;35,2;;;;;;;;;;109;1;
B7500;2024;L7501;L7501.1.105;;;3. Entre 1971-1990;;;;Ensemble 2P;;;22,3;27,3;29,6;;;;;;;;;;131;1;
B7500;2024;L7501;L7501.1.105;;;3. Entre 1971-1990;;;;Ensemble 3P;;;15,4;23,4;25,2;;;;;;;;;;123;1;
B7500;2024;L7501;L7501.1.105;;;3. Entre 1971-1990;;;;Ensemble 4P+;;;13,5;21,4;25;;;;;;;;;;128;1;
B7500;2024;L7501;L7501.1.105;;;4. Apr�s 1990;;;;Ensemble 1P;;;;;;;;;;;;;;;;1;Estimation directe
B7500;2024;L7501;L7501.1.105;;;4. Apr�s 1990;;;;Ensemble 2P;;;;;;;;;;;;;;;;1;Estimation directe
B7500;2024;L7501;L7501.1.105;;;4. Apr�s 1990;;;;Ensemble 3P;;;;;;;;;;;;;;;;1;Estimation directe
B7500;2024;L7501;L7501.1.105;;;4. Apr�s 1990;;;;Ensemble 4P+;;;;;;;;;;;;;;;;1;Estimation directe
B7500;2024;L7501;L7501.1.105;;;;1. Avant 1946;;;;Appart 4P+;;28,8;33;37,4;;;;;;;;;;566;1;
B7500;2024;L7501;L7501.1.105;;;;1. Avant 1946;;;;Ensemble 1P;;24,9;28,2;31,2;;;;;;;;;;769;1;
B7500;2024;L7501;L7501.1.105;;;;1. Avant 1946;;;;Ensemble 2P;;22,3;25,2;28,3;;;;;;;;;;588;1;
B7500;2024;L7501;L7501.1.105;;;;1. Avant 1946;;;;Ensemble 3P;;19,8;22,5;25,7;;;;;;;;;;535;1;
B7500;2024;L7501;L7501.1.105;;;;2. Entre 1946-1970;;;;Appart 4P+;;27,5;30,4;34,8;;;;;;;;;;145;1;
B7500;2024;L7501;L7501.1.105;;;;2. Entre 1946-1970;;;;Ensemble 1P;;24,4;28;30,7;;;;;;;;;;102;1;
B7500;2024;L7501;L7501.1.105;;;;2. Entre 1946-1970;;;;Ensemble 2P;;20,6;21,9;29,7;;;;;;;;;;59;1;
B7500;2024;L7501;L7501.1.105;;;;2. Entre 1946-1970;;;;Ensemble 3P;;;;;;;;;;;;;;;1;Estimation directe
B7500;2024;L7501;L7501.1.105;;;;3. Entre 1971-1990;;;;Appart 4P+;;18,5;29,5;35,2;;;;;;;;;;109;1;
B7500;2024;L7501;L7501.1.105;;;;3. Entre 1971-1990;;;;Ensemble 1P;;22,3;27,3;29,6;;;;;;;;;;131;1;
B7500;2024;L7501;L7501.1.105;;;;3. Entre 1971-1990;;;;Ensemble 2P;;15,4;23,4;25,2;;;;;;;;;;123;1;
B7500;2024;L7501;L7501.1.105;;;;3. Entre 1971-1990;;;;Ensemble 3P;;13,5;21,4;25;;;;;;;;;;128;1;
B7500;2024;L7501;L7501.1.105;;;;4. Entre 1991-2005;;;;Appart 4P+;;;;;;;;;;;;;;;1;Estimation �conom�trique (pour valeur de march�)
B7500;2024;L7501;L7501.1.105;;;;4. Entre 1991-2005;;;;Ensemble 1P;;;;;;;;;;;;;;;1;Estimation �conom�trique (pour valeur de march�)
B7500;2024;L7501;L7501.1.105;;;;4. Entre 1991-2005;;;;Ensemble 2P;;;;;;;;;;;;;;;1;Estimation �conom�trique (pour valeur de march�)
B7500;2024;L7501;L7501.1.105;;;;4. Entre 1991-2005;;;;Ensemble 3P;;;;;;;;;;;;;;;1;Estimation �conom�trique (pour valeur de march�)
B7500;2024;L7501;L7501.1.105;;;;5. Apr�s 2005;;;;Appart 4P+;;;;;;;;;;;;;;;1;Estimation �conom�trique (pour valeur de march�)
B7500;2024;L7501;L7501.1.105;;;;5. Apr�s 2005;;;;Ensemble 1P;;;;;;;;;;;;;;;1;Estimation �conom�trique (pour valeur de march�)
B7500;2024;L7501;L7501.1.105;;;;5. Apr�s 2005;;;;Ensemble 2P;;;;;;;;;;;;;;;1;Estimation �conom�trique (pour valeur de march�)
B7500;2024;L7501;L7501.1.105;;;;5. Apr�s 2005;;;;Ensemble 3P;;;;;;;;;;;;;;;1;Estimation �conom�trique (pour valeur de march�)
B7500;2024;L7501;L7501.1.106;;;;;;;;;;25,5;28,3;31,3;;;;;;;;;;3594;1;
B7500;2024;L7501;L7501.1.106;;;1. Avant 1946;;;;Ensemble 1P;;;28,5;31,9;35,6;;;;;;;;;;368;1;
B7500;2024;L7501;L7501.1.106;;;1. Avant 1946;;;;Ensemble 2P;;;25,6;28,5;31,2;;;;;;;;;;627;1;
B7500;2024;L7501;L7501.1.106;;;1. Avant 1946;;;;Ensemble 3P;;;25,3;27,2;30,1;;;;;;;;;;428;1;
B7500;2024;L7501;L7501.1.106;;;1. Avant 1946;;;;Ensemble 4P+;;;23,5;26,1;29,4;;;;;;;;;;535;1;
B7500;2024;L7501;L7501.1.106;;;2. Entre 1946-1970;;;;Ensemble 1P;;;27;29,9;34,2;;;;;;;;;;392;1;
B7500;2024;L7501;L7501.1.106;;;2. Entre 1946-1970;;;;Ensemble 2P;;;25,3;27,8;30,3;;;;;;;;;;331;1;
B7500;2024;L7501;L7501.1.106;;;2. Entre 1946-1970;;;;Ensemble 3P;;;24,5;26,3;28,8;;;;;;;;;;150;1;
B7500;2024;L7501;L7501.1.106;;;2. Entre 1946-1970;;;;Ensemble 4P+;;;22,8;24,5;27,2;;;;;;;;;;346;1;
B7500;2024;L7501;L7501.1.106;;;3. Entre 1971-1990;;;;Ensemble 1P;;;29,4;31,7;36;;;;;;;;;;115;1;
B7500;2024;L7501;L7501.1.106;;;3. Entre 1971-1990;;;;Ensemble 2P;;;25,9;28,8;30,2;;;;;;;;;;87;1;
B7500;2024;L7501;L7501.1.106;;;3. Entre 1971-1990;;;;Ensemble 3P;;;;;;;;;;;;;;;;1;Estimation directe
B7500;2024;L7501;L7501.1.106;;;3. Entre 1971-1990;;;;Ensemble 4P+;;;;;;;;;;;;;;;;1;Estimation directe
B7500;2024;L7501;L7501.1.106;;;4. Apr�s 1990;;;;Ensemble 1P;;;;;;;;;;;;;;;;1;Estimation directe
B7500;2024;L7501;L7501.1.106;;;4. Apr�s 1990;;;;Ensemble 2P;;;;;;;;;;;;;;;;1;Estimation directe
B7500;2024;L7501;L7501.1.106;;;4. Apr�s 1990;;;;Ensemble 3P;;;;;;;;;;;;;;;;1;Estimation directe
B7500;2024;L7501;L7501.1.106;;;4. Apr�s 1990;;;;Ensemble 4P+;;;;;;;;;;;;;;;;1;Estimation directe
B7500;2024;L7501;L7501.1.106;;;;1. Avant 1946;;;;Appart 4P+;;28,5;31,9;35,6;;;;;;;;;;368;1;
B7500;2024;L7501;L7501.1.106;;;;1. Avant 1946;;;;Ensemble 1P;;25,6;28,5;31,2;;;;;;;;;;627;1;
B7500;2024;L7501;L7501.1.106;;;;1. Avant 1946;;;;Ensemble 2P;;25,3;27,2;30,1;;;;;;;;;;428;1;
B7500;2024;L7501;L7501.1.106;;;;1. Avant 1946;;;;Ensemble 3P;;23,5;26,1;29,4;;;;;;;;;;535;1;
B7500;2024;L7501;L7501.1.106;;;;2. Entre 1946-1970;;;;Appart 4P+;;27;29,9;34,2;;;;;;;;;;392;1;
B7500;2024;L7501;L7501.1.106;;;;2. Entre 1946-1970;;;;Ensemble 1P;;25,3;27,8;30,3;;;;;;;;;;331;1;
B7500;2024;L7501;L7501.1.106;;;;2. Entre 1946-1970;;;;Ensemble 2P;;24,5;26,3;28,8;;;;;;;;;;150;1;
B7500;2024;L7501;L7501.1.106;;;;2. Entre 1946-1970;;;;Ensemble 3P;;22,8;24,5;27,2;;;;;;;;;;346;1;
B7500;2024;L7501;L7501.1.106;;;;3. Entre 1971-1990;;;;Appart 4P+;;29,4;31,7;36;;;;;;;;;;115;1;
B7500;2024;L7501;L7501.1.106;;;;3. Entre 1971-1990;;;;Ensemble 1P;;25,9;28,8;30,2;;;;;;;;;;87;1;
B7500;2024;L7501;L7501.1.106;;;;3. Entre 1971-1990;;;;Ensemble 2P;;;;;;;;;;;;;;;1;Estimation directe
B7500;2024;L7501;L7501.1.106;;;;3. Entre 1971-1990;;;;Ensemble 3P;;;;;;;;;;;;;;;1;Estimation directe
B7500;2024;L7501;L7501.1.106;;;;4. Entre 1991-2005;;;;Appart 4P+;;;;;;;;;;;;;;;1;Estimation �conom�trique (pour valeur de march�)
B7500;2024;L7501;L7501.1.106;;;;4. Entre 1991-2005;;;;Ensemble 1P;;;;;;;;;;;;;;;1;Estimation �conom�trique (pour valeur de march�)
B7500;2024;L7501;L7501.1.106;;;;4. Entre 1991-2005;;;;Ensemble 2P;;;;;;;;;;;;;;;1;Estimation �conom�trique (pour valeur de march�)
B7500;2024;L7501;L7501.1.106;;;;4. Entre 1991-2005;;;;Ensemble 3P;;;;;;;;;;;;;;;1;Estimation �conom�trique (pour valeur de march�)
B7500;2024;L7501;L7501.1.106;;;;5. Apr�s 2005;;;;Appart 4P+;;;;;;;;;;;;;;;1;Estimation �conom�trique (pour valeur de march�)
B7500;2024;L7501;L7501.1.106;;;;5. Apr�s 2005;;;;Ensemble 1P;;;;;;;;;;;;;;;1;Estimation �conom�trique (pour valeur de march�)
B7500;2024;L7501;L7501.1.106;;;;5. Apr�s 2005;;;;Ensemble 2P;;;;;;;;;;;;;;;1;Estimation �conom�trique (pour valeur de march�)
B7500;2024;L7501;L7501.1.106;;;;5. Apr�s 2005;;;;Ensemble 3P;;;;;;;;;;;;;;;1;Estimation �conom�trique (pour valeur de march�)
B7500;2024;L7501;L7501.1.107;;;;;;;;;;23,6;26,8;30;;;;;;;;;;5086;1;
B7500;2024;L7501;L7501.1.107;;;1. Avant 1946;;;;Ensemble 1P;;;27,3;31;35,3;;;;;;;;;;503;1;
B7500;2024;L7501;L7501.1.107;;;1. Avant 1946;;;;Ensemble 2P;;;24,3;26,6;30,3;;;;;;;;;;703;1;
B7500;2024;L7501;L7501.1.107;;;1. Avant 1946;;;;Ensemble 3P;;;23,3;26;28,7;;;;;;;;;;450;1;
B7500;2024;L7501;L7501.1.107;;;1. Avant 1946;;;;Ensemble 4P+;;;22,3;25,2;28,3;;;;;;;;;;366;1;
B7500;2024;L7501;L7501.1.107;;;2. Entre 1946-1970;;;;Ensemble 1P;;;25,8;29;32,4;;;;;;;;;;391;1;
B7500;2024;L7501;L7501.1.107;;;2. Entre 1946-1970;;;;Ensemble 2P;;;24,4;26,4;29,1;;;;;;;;;;422;1;
B7500;2024;L7501;L7501.1.107;;;2. Entre 1946-1970;;;;Ensemble 3P;;;17,9;22,9;26,4;;;;;;;;;;406;1;
B7500;2024;L7501;L7501.1.107;;;2. Entre 1946-1970;;;;Ensemble 4P+;;;17,8;23,7;26,8;;;;;;;;;;449;1;
B7500;2024;L7501;L7501.1.107;;;3. Entre 1971-1990;;;;Ensemble 1P;;;27,2;29,3;33;;;;;;;;;;161;1;
B7500;2024;L7501;L7501.1.107;;;3. Entre 1971-1990;;;;Ensemble 2P;;;23,7;25,9;28,7;;;;;;;;;;149;1;
B7500;2024;L7501;L7501.1.107;;;3. Entre 1971-1990;;;;Ensemble 3P;;;;;;;;;;;;;;;;1;Estimation directe
B7500;2024;L7501;L7501.1.107;;;3. Entre 1971-1990;;;;Ensemble 4P+;;;22,1;25,1;26,5;;;;;;;;;;163;1;
B7500;2024;L7501;L7501.1.107;;;4. Apr�s 1990;;;;Ensemble 1P;;;15,2;27,2;33,2;;;;;;;;;;280;1;
B7500;2024;L7501;L7501.1.107;;;4. Apr�s 1990;;;;Ensemble 2P;;;25,2;28,5;30,4;;;;;;;;;;195;1;
B7500;2024;L7501;L7501.1.107;;;4. Apr�s 1990;;;;Ensemble 3P;;;21;26,5;29;;;;;;;;;;183;1;
B7500;2024;L7501;L7501.1.107;;;4. Apr�s 1990;;;;Ensemble 4P+;;;21,8;25,9;28,3;;;;;;;;;;141;1;
B7500;2024;L7501;L7501.1.107;;;;1. Avant 1946;;;;Appart 4P+;;27,3;31;35,3;;;;;;;;;;503;1;
B7500;2024;L7501;L7501.1.107;;;;1. Avant 1946;;;;Ensemble 1P;;24,3;26,6;30,3;;;;;;;;;;703;1;
B7500;2024;L7501;L7501.1.107;;;;1. Avant 1946;;;;Ensemble 2P;;23,3;26;28,7;;;;;;;;;;450;1;
B7500;2024;L7501;L7501.1.107;;;;1. Avant 1946;;;;Ensemble 3P;;22,3;25,2;28,3;;;;;;;;;;366;1;
B7500;2024;L7501;L7501.1.107;;;;2. Entre 1946-1970;;;;Appart 4P+;;25,8;29;32,4;;;;;;;;;;391;1;
B7500;2024;L7501;L7501.1.107;;;;2. Entre 1946-1970;;;;Ensemble 1P;;24,4;26,4;29,1;;;;;;;;;;422;1;
B7500;2024;L7501;L7501.1.107;;;;2. Entre 1946-1970;;;;Ensemble 2P;;17,9;22,9;26,4;;;;;;;;;;406;1;
B7500;2024;L7501;L7501.1.107;;;;2. Entre 1946-1970;;;;Ensemble 3P;;17,8;23,7;26,8;;;;;;;;;;449;1;
B7500;2024;L7501;L7501.1.107;;;;3. Entre 1971-1990;;;;Appart 4P+;;27,2;29,3;33;;;;;;;;;;161;1;
B7500;2024;L7501;L7501.1.107;;;;3. Entre 1971-1990;;;;Ensemble 1P;;23,7;25,9;28,7;;;;;;;;;;149;1;
B7500;2024;L7501;L7501.1.107;;;;3. Entre 1971-1990;;;;Ensemble 2P;;;;;;;;;;;;;;;1;Estimation directe
B7500;2024;L7501;L7501.1.107;;;;3. Entre 1971-1990;;;;Ensemble 3P;;22,1;25,1;26,5;;;;;;;;;;163;1;
B7500;2024;L7501;L7501.1.107;;;;4. Entre 1991-2005;;;;Appart 4P+;;;;;;;;;;;;;;;1;Estimation �conom�trique (pour valeur de march�)
B7500;2024;L7501;L7501.1.107;;;;4. Entre 1991-2005;;;;Ensemble 1P;;;;;;;;;;;;;;;1;Estimation �conom�trique (pour valeur de march�)
B7500;2024;L7501;L7501.1.107;;;;4. Entre 1991-2005;;;;Ensemble 2P;;;;;;;;;;;;;;;1;Estimation �conom�trique (pour valeur de march�)
B7500;2024;L7501;L7501.1.107;;;;4. Entre 1991-2005;;;;Ensemble 3P;;;;;;;;;;;;;;;1;Estimation �conom�trique (pour valeur de march�)
B7500;2024;L7501;L7501.1.107;;;;5. Apr�s 2005;;;;Appart 4P+;;;;;;;;;;;;;;;1;Estimation �conom�trique (pour valeur de march�)
B7500;2024;L7501;L7501.1.107;;;;5. Apr�s 2005;;;;Ensemble 1P;;;;;;;;;;;;;;;1;Estimation �conom�trique (pour valeur de march�)
B7500;2024;L7501;L7501.1.107;;;;5. Apr�s 2005;;;;Ensemble 2P;;;;;;;;;;;;;;;1;Estimation �conom�trique (pour valeur de march�)
B7500;2024;L7501;L7501.1.107;;;;5. Apr�s 2005;;;;Ensemble 3P;;;;;;;;;;;;;;;1;Estimation �conom�trique (pour valeur de march�)
B7500;2024;L7501;L7501.1.108;;;;;;;;;;23,7;26,1;29,2;;;;;;;;;;2756;1;
B7500;2024;L7501;L7501.1.108;;;1. Avant 1946;;;;Ensemble 1P;;;28,2;30,6;35;;;;;;;;;;224;1;
B7500;2024;L7501;L7501.1.108;;;1. Avant 1946;;;;Ensemble 2P;;;24,1;25,6;28,4;;;;;;;;;;469;1;
B7500;2024;L7501;L7501.1.108;;;1. Avant 1946;;;;Ensemble 3P;;;23,1;24,6;26,3;;;;;;;;;;217;1;
B7500;2024;L7501;L7501.1.108;;;1. Avant 1946;;;;Ensemble 4P+;;;19,9;24,2;25,2;;;;;;;;;;107;1;
B7500;2024;L7501;L7501.1.108;;;2. Entre 1946-1970;;;;Ensemble 1P;;;;;;;;;;;;;;;;1;Estimation directe
B7500;2024;L7501;L7501.1.108;;;2. Entre 1946-1970;;;;Ensemble 2P;;;14,5;24,6;27,7;;;;;;;;;;296;1;
B7500;2024;L7501;L7501.1.108;;;2. Entre 1946-1970;;;;Ensemble 3P;;;;;;;;;;;;;;;;1;Estimation directe
B7500;2024;L7501;L7501.1.108;;;2. Entre 1946-1970;;;;Ensemble 4P+;;;11,2;20;23,7;;;;;;;;;;291;1;
B7500;2024;L7501;L7501.1.108;;;3. Entre 1971-1990;;;;Ensemble 1P;;;25;27;36,8;;;;;;;;;;94;1;
B7500;2024;L7501;L7501.1.108;;;3. Entre 1971-1990;;;;Ensemble 2P;;;24,7;25,9;27,8;;;;;;;;;;113;1;
B7500;2024;L7501;L7501.1.108;;;3. Entre 1971-1990;;;;Ensemble 3P;;;21,6;24,1;26,3;;;;;;;;;;65;1;
B7500;2024;L7501;L7501.1.108;;;3. Entre 1971-1990;;;;Ensemble 4P+;;;22,5;24,7;27,8;;;;;;;;;;65;1;
B7500;2024;L7501;L7501.1.108;;;4. Apr�s 1990;;;;Ensemble 1P;;;;;;;;;;;;;;;;1;Estimation directe
B7500;2024;L7501;L7501.1.108;;;4. Apr�s 1990;;;;Ensemble 2P;;;;;;;;;;;;;;;;1;Estimation directe
B7500;2024;L7501;L7501.1.108;;;4. Apr�s 1990;;;;Ensemble 3P;;;;;;;;;;;;;;;;1;Estimation directe
B7500;2024;L7501;L7501.1.108;;;4. Apr�s 1990;;;;Ensemble 4P+;;;;;;;;;;;;;;;;1;Estimation directe
B7500;2024;L7501;L7501.1.108;;;;1. Avant 1946;;;;Appart 4P+;;28,2;30,6;35;;;;;;;;;;224;1;
B7500;2024;L7501;L7501.1.108;;;;1. Avant 1946;;;;Ensemble 1P;;24,1;25,6;28,4;;;;;;;;;;469;1;
B7500;2024;L7501;L7501.1.108;;;;1. Avant 1946;;;;Ensemble 2P;;23,1;24,6;26,3;;;;;;;;;;217;1;
B7500;2024;L7501;L7501.1.108;;;;1. Avant 1946;;;;Ensemble 3P;;19,9;24,2;25,2;;;;;;;;;;107;1;
B7500;2024;L7501;L7501.1.108;;;;2. Entre 1946-1970;;;;Appart 4P+;;;;;;;;;;;;;;;1;Estimation directe
B7500;2024;L7501;L7501.1.108;;;;2. Entre 1946-1970;;;;Ensemble 1P;;14,5;24,6;27,7;;;;;;;;;;296;1;
B7500;2024;L7501;L7501.1.108;;;;2. Entre 1946-1970;;;;Ensemble 2P;;;;;;;;;;;;;;;1;Estimation directe
B7500;2024;L7501;L7501.1.108;;;;2. Entre 1946-1970;;;;Ensemble 3P;;11,2;20;23,7;;;;;;;;;;291;1;
B7500;2024;L7501;L7501.1.108;;;;3. Entre 1971-1990;;;;Appart 4P+;;25;27;36,8;;;;;;;;;;94;1;
B7500;2024;L7501;L7501.1.108;;;;3. Entre 1971-1990;;;;Ensemble 1P;;24,7;25,9;27,8;;;;;;;;;;113;1;
B7500;2024;L7501;L7501.1.108;;;;3. Entre 1971-1990;;;;Ensemble 2P;;21,6;24,1;26,3;;;;;;;;;;65;1;
B7500;2024;L7501;L7501.1.108;;;;3. Entre 1971-1990;;;;Ensemble 3P;;22,5;24,7;27,8;;;;;;;;;;65;1;
B7500;2024;L7501;L7501.1.108;;;;4. Entre 1991-2005;;;;Appart 4P+;;;;;;;;;;;;;;;1;Estimation �conom�trique (pour valeur de march�)
B7500;2024;L7501;L7501.1.108;;;;4. Entre 1991-2005;;;;Ensemble 1P;;;;;;;;;;;;;;;1;Estimation �conom�trique (pour valeur de march�)
B7500;2024;L7501;L7501.1.108;;;;4. Entre 1991-2005;;;;Ensemble 2P;;;;;;;;;;;;;;;1;Estimation �conom�trique (pour valeur de march�)
B7500;2024;L7501;L7501.1.108;;;;4. Entre 1991-2005;;;;Ensemble 3P;;;;;;;;;;;;;;;1;Estimation �conom�trique (pour valeur de march�)
B7500;2024;L7501;L7501.1.108;;;;5. Apr�s 2005;;;;Appart 4P+;;;;;;;;;;;;;;;1;Estimation �conom�trique (pour valeur de march�)
B7500;2024;L7501;L7501.1.108;;;;5. Apr�s 2005;;;;Ensemble 1P;;;;;;;;;;;;;;;1;Estimation �conom�trique (pour valeur de march�)
B7500;2024;L7501;L7501.1.108;;;;5. Apr�s 2005;;;;Ensemble 2P;;;;;;;;;;;;;;;1;Estimation �conom�trique (pour valeur de march�)
B7500;2024;L7501;L7501.1.108;;;;5. Apr�s 2005;;;;Ensemble 3P;;;;;;;;;;;;;;;1;Estimation �conom�trique (pour valeur de march�)
B7500;2024;L7501;L7501.1.109;;;;;;;;;;22,7;25,7;28,8;;;;;;;;;;4362;1;
B7500;2024;L7501;L7501.1.109;;;1. Avant 1946;;;;Ensemble 1P;;;27,2;29,4;33,7;;;;;;;;;;475;1;
B7500;2024;L7501;L7501.1.109;;;1. Avant 1946;;;;Ensemble 2P;;;23,6;25,9;28,8;;;;;;;;;;1186;1;
B7500;2024;L7501;L7501.1.109;;;1. Avant 1946;;;;Ensemble 3P;;;22,1;24;27;;;;;;;;;;488;1;
B7500;2024;L7501;L7501.1.109;;;1. Avant 1946;;;;Ensemble 4P+;;;20,9;23,9;26,9;;;;;;;;;;147;1;
B7500;2024;L7501;L7501.1.109;;;2. Entre 1946-1970;;;;Ensemble 1P;;;24,6;27,8;31,3;;;;;;;;;;272;1;
B7500;2024;L7501;L7501.1.109;;;2. Entre 1946-1970;;;;Ensemble 2P;;;20;23,4;27,9;;;;;;;;;;285;1;
B7500;2024;L7501;L7501.1.109;;;2. Entre 1946-1970;;;;Ensemble 3P;;;20;21;25,5;;;;;;;;;;307;1;
B7500;2024;L7501;L7501.1.109;;;2. Entre 1946-1970;;;;Ensemble 4P+;;;16,3;20,3;22,9;;;;;;;;;;200;1;
B7500;2024;L7501;L7501.1.109;;;3. Entre 1971-1990;;;;Ensemble 1P;;;22,5;26;30,5;;;;;;;;;;167;1;
B7500;2024;L7501;L7501.1.109;;;3. Entre 1971-1990;;;;Ensemble 2P;;;23,5;25,4;27,1;;;;;;;;;;209;1;
B7500;2024;L7501;L7501.1.109;;;3. Entre 1971-1990;;;;Ensemble 3P;;;21,1;24,2;26,8;;;;;;;;;;126;1;
B7500;2024;L7501;L7501.1.109;;;3. Entre 1971-1990;;;;Ensemble 4P+;;;17,6;21,4;23,2;;;;;;;;;;195;1;
B7500;2024;L7501;L7501.1.109;;;4. Apr�s 1990;;;;Ensemble 1P;;;23,5;25,9;29,5;;;;;;;;;;70;1;
B7500;2024;L7501;L7501.1.109;;;4. Apr�s 1990;;;;Ensemble 2P;;;22,3;26,6;30,5;;;;;;;;;;116;1;
B7500;2024;L7501;L7501.1.109;;;4. Apr�s 1990;;;;Ensemble 3P;;;24,2;24,5;25,3;;;;;;;;;;67;1;
B7500;2024;L7501;L7501.1.109;;;4. Apr�s 1990;;;;Ensemble 4P+;;;;;;;;;;;;;;;;1;Estimation directe
B7500;2024;L7501;L7501.1.109;;;;1. Avant 1946;;;;Appart 4P+;;27,2;29,4;33,7;;;;;;;;;;475;1;
B7500;2024;L7501;L7501.1.109;;;;1. Avant 1946;;;;Ensemble 1P;;23,6;25,9;28,8;;;;;;;;;;1186;1;
B7500;2024;L7501;L7501.1.109;;;;1. Avant 1946;;;;Ensemble 2P;;22,1;24;27;;;;;;;;;;488;1;
B7500;2024;L7501;L7501.1.109;;;;1. Avant 1946;;;;Ensemble 3P;;20,9;23,9;26,9;;;;;;;;;;147;1;
B7500;2024;L7501;L7501.1.109;;;;2. Entre 1946-1970;;;;Appart 4P+;;24,6;27,8;31,3;;;;;;;;;;272;1;
B7500;2024;L7501;L7501.1.109;;;;2. Entre 1946-1970;;;;Ensemble 1P;;20;23,4;27,9;;;;;;;;;;285;1;
B7500;2024;L7501;L7501.1.109;;;;2. Entre 1946-1970;;;;Ensemble 2P;;20;21;25,5;;;;;;;;;;307;1;
B7500;2024;L7501;L7501.1.109;;;;2. Entre 1946-1970;;;;Ensemble 3P;;16,3;20,3;22,9;;;;;;;;;;200;1;
B7500;2024;L7501;L7501.1.109;;;;3. Entre 1971-1990;;;;Appart 4P+;;22,5;26;30,5;;;;;;;;;;167;1;
B7500;2024;L7501;L7501.1.109;;;;3. Entre 1971-1990;;;;Ensemble 1P;;23,5;25,4;27,1;;;;;;;;;;209;1;
B7500;2024;L7501;L7501.1.109;;;;3. Entre 1971-1990;;;;Ensemble 2P;;21,1;24,2;26,8;;;;;;;;;;126;1;
B7500;2024;L7501;L7501.1.109;;;;3. Entre 1971-1990;;;;Ensemble 3P;;17,6;21,4;23,2;;;;;;;;;;195;1;
B7500;2024;L7501;L7501.1.109;;;;4. Entre 1991-2005;;;;Appart 4P+;;;;;;;;;;;;;;;1;Estimation �conom�trique (pour valeur de march�)
B7500;2024;L7501;L7501.1.109;;;;4. Entre 1991-2005;;;;Ensemble 1P;;;;;;;;;;;;;;;1;Estimation �conom�trique (pour valeur de march�)
B7500;2024;L7501;L7501.1.109;;;;4. Entre 1991-2005;;;;Ensemble 2P;;;;;;;;;;;;;;;1;Estimation �conom�trique (pour valeur de march�)
B7500;2024;L7501;L7501.1.109;;;;4. Entre 1991-2005;;;;Ensemble 3P;;;;;;;;;;;;;;;1;Estimation �conom�trique (pour valeur de march�)
B7500;2024;L7501;L7501.1.109;;;;5. Apr�s 2005;;;;Appart 4P+;;;;;;;;;;;;;;;1;Estimation �conom�trique (pour valeur de march�)
B7500;2024;L7501;L7501.1.109;;;;5. Apr�s 2005;;;;Ensemble 1P;;;;;;;;;;;;;;;1;Estimation �conom�trique (pour valeur de march�)
B7500;2024;L7501;L7501.1.109;;;;5. Apr�s 2005;;;;Ensemble 2P;;;;;;;;;;;;;;;1;Estimation �conom�trique (pour valeur de march�)
B7500;2024;L7501;L7501.1.109;;;;5. Apr�s 2005;;;;Ensemble 3P;;;;;;;;;;;;;;;1;Estimation �conom�trique (pour valeur de march�)
B7500;2024;L7501;L7501.1.110;;;;;;;;;;23,6;26,9;30,3;;;;;;;;;;4315;1;
B7500;2024;L7501;L7501.1.110;;;1. Avant 1946;;;;Ensemble 1P;;;28,1;31,7;36,7;;;;;;;;;;604;1;
B7500;2024;L7501;L7501.1.110;;;1. Avant 1946;;;;Ensemble 2P;;;24,9;27,6;30,7;;;;;;;;;;1281;1;
B7500;2024;L7501;L7501.1.110;;;1. Avant 1946;;;;Ensemble 3P;;;23,6;26,2;28,9;;;;;;;;;;676;1;
B7500;2024;L7501;L7501.1.110;;;1. Avant 1946;;;;Ensemble 4P+;;;22,2;24,3;26,2;;;;;;;;;;386;1;
B7500;2024;L7501;L7501.1.110;;;2. Entre 1946-1970;;;;Ensemble 1P;;;25,3;27,2;30,9;;;;;;;;;;158;1;
B7500;2024;L7501;L7501.1.110;;;2. Entre 1946-1970;;;;Ensemble 2P;;;23,3;24,5;27,8;;;;;;;;;;204;1;
B7500;2024;L7501;L7501.1.110;;;2. Entre 1946-1970;;;;Ensemble 3P;;;20,7;22,1;27,5;;;;;;;;;;112;1;
B7500;2024;L7501;L7501.1.110;;;2. Entre 1946-1970;;;;Ensemble 4P+;;;;;;;;;;;;;;;;1;Estimation directe
B7500;2024;L7501;L7501.1.110;;;3. Entre 1971-1990;;;;Ensemble 1P;;;24,3;29,5;31,3;;;;;;;;;;221;1;
B7500;2024;L7501;L7501.1.110;;;3. Entre 1971-1990;;;;Ensemble 2P;;;22,5;25,2;33;;;;;;;;;;121;1;
B7500;2024;L7501;L7501.1.110;;;3. Entre 1971-1990;;;;Ensemble 3P;;;23,1;24,1;29,6;;;;;;;;;;59;1;
B7500;2024;L7501;L7501.1.110;;;3. Entre 1971-1990;;;;Ensemble 4P+;;;;;;;;;;;;;;;;1;Estimation directe
B7500;2024;L7501;L7501.1.110;;;4. Apr�s 1990;;;;Ensemble 1P;;;23,5;30,1;35,6;;;;;;;;;;84;1;
B7500;2024;L7501;L7501.1.110;;;4. Apr�s 1990;;;;Ensemble 2P;;;21,3;25;30,6;;;;;;;;;;124;1;
B7500;2024;L7501;L7501.1.110;;;4. Apr�s 1990;;;;Ensemble 3P;;;19,6;22,9;27,7;;;;;;;;;;76;1;
B7500;2024;L7501;L7501.1.110;;;4. Apr�s 1990;;;;Ensemble 4P+;;;17,5;22,5;27;;;;;;;;;;78;1;
B7500;2024;L7501;L7501.1.110;;;;1. Avant 1946;;;;Appart 4P+;;28,1;31,7;36,7;;;;;;;;;;604;1;
B7500;2024;L7501;L7501.1.110;;;;1. Avant 1946;;;;Ensemble 1P;;24,9;27,6;30,7;;;;;;;;;;1281;1;
B7500;2024;L7501;L7501.1.110;;;;1. Avant 1946;;;;Ensemble 2P;;23,6;26,2;28,9;;;;;;;;;;676;1;
B7500;2024;L7501;L7501.1.110;;;;1. Avant 1946;;;;Ensemble 3P;;22,2;24,3;26,2;;;;;;;;;;386;1;
B7500;2024;L7501;L7501.1.110;;;;2. Entre 1946-1970;;;;Appart 4P+;;25,3;27,2;30,9;;;;;;;;;;158;1;
B7500;2024;L7501;L7501.1.110;;;;2. Entre 1946-1970;;;;Ensemble 1P;;23,3;24,5;27,8;;;;;;;;;;204;1;
B7500;2024;L7501;L7501.1.110;;;;2. Entre 1946-1970;;;;Ensemble 2P;;20,7;22,1;27,5;;;;;;;;;;112;1;
B7500;2024;L7501;L7501.1.110;;;;2. Entre 1946-1970;;;;Ensemble 3P;;;;;;;;;;;;;;;1;Estimation directe
B7500;2024;L7501;L7501.1.110;;;;3. Entre 1971-1990;;;;Appart 4P+;;24,3;29,5;31,3;;;;;;;;;;221;1;
B7500;2024;L7501;L7501.1.110;;;;3. Entre 1971-1990;;;;Ensemble 1P;;22,5;25,2;33;;;;;;;;;;121;1;
B7500;2024;L7501;L7501.1.110;;;;3. Entre 1971-1990;;;;Ensemble 2P;;23,1;24,1;29,6;;;;;;;;;;59;1;
B7500;2024;L7501;L7501.1.110;;;;3. Entre 1971-1990;;;;Ensemble 3P;;;;;;;;;;;;;;;1;Estimation directe
B7500;2024;L7501;L7501.1.110;;;;4. Entre 1991-2005;;;;Appart 4P+;;;;;;;;;;;;;;;1;Estimation �conom�trique (pour valeur de march�)
B7500;2024;L7501;L7501.1.110;;;;4. Entre 1991-2005;;;;Ensemble 1P;;;;;;;;;;;;;;;1;Estimation �conom�trique (pour valeur de march�)
B7500;2024;L7501;L7501.1.110;;;;4. Entre 1991-2005;;;;Ensemble 2P;;;;;;;;;;;;;;;1;Estimation �conom�trique (pour valeur de march�)
B7500;2024;L7501;L7501.1.110;;;;4. Entre 1991-2005;;;;Ensemble 3P;;;;;;;;;;;;;;;1;Estimation �conom�trique (pour valeur de march�)
B7500;2024;L7501;L7501.1.110;;;;5. Apr�s 2005;;;;Appart 4P+;;;;;;;;;;;;;;;1;Estimation �conom�trique (pour valeur de march�)
B7500;2024;L7501;L7501.1.110;;;;5. Apr�s 2005;;;;Ensemble 1P;;;;;;;;;;;;;;;1;Estimation �conom�trique (pour valeur de march�)
B7500;2024;L7501;L7501.1.110;;;;5. Apr�s 2005;;;;Ensemble 2P;;;;;;;;;;;;;;;1;Estimation �conom�trique (pour valeur de march�)
B7500;2024;L7501;L7501.1.110;;;;5. Apr�s 2005;;;;Ensemble 3P;;;;;;;;;;;;;;;1;Estimation �conom�trique (pour valeur de march�)
B7500;2024;L7501;L7501.1.111;;;;;;;;;;23;26,3;29,9;;;;;;;;;;5383;1;
B7500;2024;L7501;L7501.1.111;;;1. Avant 1946;;;;Ensemble 1P;;;28,2;31;35,6;;;;;;;;;;733;1;
B7500;2024;L7501;L7501.1.111;;;1. Avant 1946;;;;Ensemble 2P;;;24,2;26,8;29,9;;;;;;;;;;1573;1;
B7500;2024;L7501;L7501.1.111;;;1. Avant 1946;;;;Ensemble 3P;;;22,5;25,3;27,6;;;;;;;;;;710;1;
B7500;2024;L7501;L7501.1.111;;;1. Avant 1946;;;;Ensemble 4P+;;;20,7;23,6;25,9;;;;;;;;;;385;1;
B7500;2024;L7501;L7501.1.111;;;2. Entre 1946-1970;;;;Ensemble 1P;;;25;26,8;34,6;;;;;;;;;;198;1;
B7500;2024;L7501;L7501.1.111;;;2. Entre 1946-1970;;;;Ensemble 2P;;;22,5;25,9;28,9;;;;;;;;;;201;1;
B7500;2024;L7501;L7501.1.111;;;2. Entre 1946-1970;;;;Ensemble 3P;;;19,9;21,2;25,6;;;;;;;;;;90;1;
B7500;2024;L7501;L7501.1.111;;;2. Entre 1946-1970;;;;Ensemble 4P+;;;;;;;;;;;;;;;;1;Estimation directe
B7500;2024;L7501;L7501.1.111;;;3. Entre 1971-1990;;;;Ensemble 1P;;;25,4;28,3;30,8;;;;;;;;;;277;1;
B7500;2024;L7501;L7501.1.111;;;3. Entre 1971-1990;;;;Ensemble 2P;;;21,2;25,6;29,2;;;;;;;;;;250;1;
B7500;2024;L7501;L7501.1.111;;;3. Entre 1971-1990;;;;Ensemble 3P;;;16,1;20,7;26,5;;;;;;;;;;113;1;
B7500;2024;L7501;L7501.1.111;;;3. Entre 1971-1990;;;;Ensemble 4P+;;;18;21,1;24,7;;;;;;;;;;59;1;
B7500;2024;L7501;L7501.1.111;;;4. Apr�s 1990;;;;Ensemble 1P;;;22,4;26;29,6;;;;;;;;;;120;1;
B7500;2024;L7501;L7501.1.111;;;4. Apr�s 1990;;;;Ensemble 2P;;;20;23,9;27,4;;;;;;;;;;240;1;
B7500;2024;L7501;L7501.1.111;;;4. Apr�s 1990;;;;Ensemble 3P;;;17;23,6;26,6;;;;;;;;;;183;1;
B7500;2024;L7501;L7501.1.111;;;4. Apr�s 1990;;;;Ensemble 4P+;;;;;;;;;;;;;;;;1;Estimation directe
B7500;2024;L7501;L7501.1.111;;;;1. Avant 1946;;;;Appart 4P+;;28,2;31;35,6;;;;;;;;;;733;1;
B7500;2024;L7501;L7501.1.111;;;;1. Avant 1946;;;;Ensemble 1P;;24,2;26,8;29,9;;;;;;;;;;1573;1;
B7500;2024;L7501;L7501.1.111;;;;1. Avant 1946;;;;Ensemble 2P;;22,5;25,3;27,6;;;;;;;;;;710;1;
B7500;2024;L7501;L7501.1.111;;;;1. Avant 1946;;;;Ensemble 3P;;20,7;23,6;25,9;;;;;;;;;;385;1;
B7500;2024;L7501;L7501.1.111;;;;2. Entre 1946-1970;;;;Appart 4P+;;25;26,8;34,6;;;;;;;;;;198;1;
B7500;2024;L7501;L7501.1.111;;;;2. Entre 1946-1970;;;;Ensemble 1P;;22,5;25,9;28,9;;;;;;;;;;201;1;
B7500;2024;L7501;L7501.1.111;;;;2. Entre 1946-1970;;;;Ensemble 2P;;19,9;21,2;25,6;;;;;;;;;;90;1;
B7500;2024;L7501;L7501.1.111;;;;2. Entre 1946-1970;;;;Ensemble 3P;;;;;;;;;;;;;;;1;Estimation directe
B7500;2024;L7501;L7501.1.111;;;;3. Entre 1971-1990;;;;Appart 4P+;;25,4;28,3;30,8;;;;;;;;;;277;1;
B7500;2024;L7501;L7501.1.111;;;;3. Entre 1971-1990;;;;Ensemble 1P;;21,2;25,6;29,2;;;;;;;;;;250;1;
B7500;2024;L7501;L7501.1.111;;;;3. Entre 1971-1990;;;;Ensemble 2P;;16,1;20,7;26,5;;;;;;;;;;113;1;
B7500;2024;L7501;L7501.1.111;;;;3. Entre 1971-1990;;;;Ensemble 3P;;18;21,1;24,7;;;;;;;;;;59;1;
B7500;2024;L7501;L7501.1.111;;;;4. Entre 1991-2005;;;;Appart 4P+;;;;;;;;;;;;;;;1;Estimation �conom�trique (pour valeur de march�)
B7500;2024;L7501;L7501.1.111;;;;4. Entre 1991-2005;;;;Ensemble 1P;;;;;;;;;;;;;;;1;Estimation �conom�trique (pour valeur de march�)
B7500;2024;L7501;L7501.1.111;;;;4. Entre 1991-2005;;;;Ensemble 2P;;;;;;;;;;;;;;;1;Estimation �conom�trique (pour valeur de march�)
B7500;2024;L7501;L7501.1.111;;;;4. Entre 1991-2005;;;;Ensemble 3P;;;;;;;;;;;;;;;1;Estimation �conom�trique (pour valeur de march�)
B7500;2024;L7501;L7501.1.111;;;;5. Apr�s 2005;;;;Appart 4P+;;;;;;;;;;;;;;;1;Estimation �conom�trique (pour valeur de march�)
B7500;2024;L7501;L7501.1.111;;;;5. Apr�s 2005;;;;Ensemble 1P;;;;;;;;;;;;;;;1;Estimation �conom�trique (pour valeur de march�)
B7500;2024;L7501;L7501.1.111;;;;5. Apr�s 2005;;;;Ensemble 2P;;;;;;;;;;;;;;;1;Estimation �conom�trique (pour valeur de march�)
B7500;2024;L7501;L7501.1.111;;;;5. Apr�s 2005;;;;Ensemble 3P;;;;;;;;;;;;;;;1;Estimation �conom�trique (pour valeur de march�)
B7500;2024;L7501;L7501.1.112;;;;;;;;;;22,6;25,9;29,4;;;;;;;;;;2524;1;
B7500;2024;L7501;L7501.1.112;;;1. Avant 1946;;;;Ensemble 1P;;;29,7;32,5;37,3;;;;;;;;;;209;1;
B7500;2024;L7501;L7501.1.112;;;1. Avant 1946;;;;Ensemble 2P;;;25,2;27,5;30,3;;;;;;;;;;389;1;
B7500;2024;L7501;L7501.1.112;;;1. Avant 1946;;;;Ensemble 3P;;;24,1;25,5;28,2;;;;;;;;;;169;1;
B7500;2024;L7501;L7501.1.112;;;1. Avant 1946;;;;Ensemble 4P+;;;;;;;;;;;;;;;;1;Estimation directe
B7500;2024;L7501;L7501.1.112;;;2. Entre 1946-1970;;;;Ensemble 1P;;;25,1;26,6;29,1;;;;;;;;;;256;1;
B7500;2024;L7501;L7501.1.112;;;2. Entre 1946-1970;;;;Ensemble 2P;;;21,7;24,3;28,5;;;;;;;;;;261;1;
B7500;2024;L7501;L7501.1.112;;;2. Entre 1946-1970;;;;Ensemble 3P;;;17,2;21,8;24;;;;;;;;;;294;1;
B7500;2024;L7501;L7501.1.112;;;2. Entre 1946-1970;;;;Ensemble 4P+;;;17,8;20,1;22,7;;;;;;;;;;189;1;
B7500;2024;L7501;L7501.1.112;;;3. Entre 1971-1990;;;;Ensemble 1P;;;27,3;29,9;33;;;;;;;;;;146;1;
B7500;2024;L7501;L7501.1.112;;;3. Entre 1971-1990;;;;Ensemble 2P;;;20;23,6;26,4;;;;;;;;;;127;1;
B7500;2024;L7501;L7501.1.112;;;3. Entre 1971-1990;;;;Ensemble 3P;;;;;;;;;;;;;;;;1;Estimation directe
B7500;2024;L7501;L7501.1.112;;;3. Entre 1971-1990;;;;Ensemble 4P+;;;20,6;23,9;26,4;;;;;;;;;;53;1;
B7500;2024;L7501;L7501.1.112;;;4. Apr�s 1990;;;;Ensemble 1P;;;23,5;30,5;33,7;;;;;;;;;;59;1;
B7500;2024;L7501;L7501.1.112;;;4. Apr�s 1990;;;;Ensemble 2P;;;22,4;26,8;29;;;;;;;;;;88;1;
B7500;2024;L7501;L7501.1.112;;;4. Apr�s 1990;;;;Ensemble 3P;;;22,3;23,6;25,2;;;;;;;;;;75;1;
B7500;2024;L7501;L7501.1.112;;;4. Apr�s 1990;;;;Ensemble 4P+;;;;;;;;;;;;;;;;1;
B7500;2024;L7501;L7501.1.112;;;;1. Avant 1946;;;;Appart 4P+;;29,7;32,5;37,3;;;;;;;;;;209;1;
B7500;2024;L7501;L7501.1.112;;;;1. Avant 1946;;;;Ensemble 1P;;25,2;27,5;30,3;;;;;;;;;;389;1;
B7500;2024;L7501;L7501.1.112;;;;1. Avant 1946;;;;Ensemble 2P;;24,1;25,5;28,2;;;;;;;;;;169;1;
B7500;2024;L7501;L7501.1.112;;;;1. Avant 1946;;;;Ensemble 3P;;;;;;;;;;;;;;;1;Estimation directe
B7500;2024;L7501;L7501.1.112;;;;2. Entre 1946-1970;;;;Appart 4P+;;25,1;26,6;29,1;;;;;;;;;;256;1;
B7500;2024;L7501;L7501.1.112;;;;2. Entre 1946-1970;;;;Ensemble 1P;;21,7;24,3;28,5;;;;;;;;;;261;1;
B7500;2024;L7501;L7501.1.112;;;;2. Entre 1946-1970;;;;Ensemble 2P;;17,2;21,8;24;;;;;;;;;;294;1;
B7500;2024;L7501;L7501.1.112;;;;2. Entre 1946-1970;;;;Ensemble 3P;;17,8;20,1;22,7;;;;;;;;;;189;1;
B7500;2024;L7501;L7501.1.112;;;;3. Entre 1971-1990;;;;Appart 4P+;;27,3;29,9;33;;;;;;;;;;146;1;
B7500;2024;L7501;L7501.1.112;;;;3. Entre 1971-1990;;;;Ensemble 1P;;20;23,6;26,4;;;;;;;;;;127;1;
B7500;2024;L7501;L7501.1.112;;;;3. Entre 1971-1990;;;;Ensemble 2P;;;;;;;;;;;;;;;1;Estimation directe
B7500;2024;L7501;L7501.1.112;;;;3. Entre 1971-1990;;;;Ensemble 3P;;20,6;23,9;26,4;;;;;;;;;;53;1;
B7500;2024;L7501;L7501.1.112;;;;4. Entre 1991-2005;;;;Appart 4P+;;;;;;;;;;;;;;;1;Estimation �conom�trique (pour valeur de march�)
B7500;2024;L7501;L7501.1.112;;;;4. Entre 1991-2005;;;;Ensemble 1P;;;;;;;;;;;;;;;1;Estimation �conom�trique (pour valeur de march�)
B7500;2024;L7501;L7501.1.112;;;;4. Entre 1991-2005;;;;Ensemble 2P;;;;;;;;;;;;;;;1;Estimation �conom�trique (pour valeur de march�)
B7500;2024;L7501;L7501.1.112;;;;4. Entre 1991-2005;;;;Ensemble 3P;;;;;;;;;;;;;;;1;Estimation �conom�trique (pour valeur de march�)
B7500;2024;L7501;L7501.1.112;;;;5. Apr�s 2005;;;;Appart 4P+;;;;;;;;;;;;;;;1;Estimation �conom�trique (pour valeur de march�)
B7500;2024;L7501;L7501.1.112;;;;5. Apr�s 2005;;;;Ensemble 1P;;;;;;;;;;;;;;;1;Estimation �conom�trique (pour valeur de march�)
B7500;2024;L7501;L7501.1.112;;;;5. Apr�s 2005;;;;Ensemble 2P;;;;;;;;;;;;;;;1;Estimation �conom�trique (pour valeur de march�)
B7500;2024;L7501;L7501.1.112;;;;5. Apr�s 2005;;;;Ensemble 3P;;;;;;;;;;;;;;;1;Estimation �conom�trique (pour valeur de march�)
B7500;2024;L7501;L7501.1.113;;;;;;;;;;18,3;22,4;26,3;;;;;;;;;;7543;1;
B7500;2024;L7501;L7501.1.113;;;1. Avant 1946;;;;Ensemble 1P;;;25,9;29,1;32,9;;;;;;;;;;392;1;
B7500;2024;L7501;L7501.1.113;;;1. Avant 1946;;;;Ensemble 2P;;;22,5;24,5;27,1;;;;;;;;;;763;1;
B7500;2024;L7501;L7501.1.113;;;1. Avant 1946;;;;Ensemble 3P;;;20,4;22,3;24,1;;;;;;;;;;337;1;
B7500;2024;L7501;L7501.1.113;;;1. Avant 1946;;;;Ensemble 4P+;;;18,8;21,2;23,9;;;;;;;;;;98;1;
B7500;2024;L7501;L7501.1.113;;;2. Entre 1946-1970;;;;Ensemble 1P;;;23,9;26,6;31,4;;;;;;;;;;343;1;
B7500;2024;L7501;L7501.1.113;;;2. Entre 1946-1970;;;;Ensemble 2P;;;17,5;21,5;24,1;;;;;;;;;;487;1;
B7500;2024;L7501;L7501.1.113;;;2. Entre 1946-1970;;;;Ensemble 3P;;;15,8;19,1;21,4;;;;;;;;;;576;1;
B7500;2024;L7501;L7501.1.113;;;2. Entre 1946-1970;;;;Ensemble 4P+;;;13,9;17,2;19,9;;;;;;;;;;432;1;
B7500;2024;L7501;L7501.1.113;;;3. Entre 1971-1990;;;;Ensemble 1P;;;16,1;22,4;27,4;;;;;;;;;;955;1;
B7500;2024;L7501;L7501.1.113;;;3. Entre 1971-1990;;;;Ensemble 2P;;;13,8;20,6;24,2;;;;;;;;;;626;1;
B7500;2024;L7501;L7501.1.113;;;3. Entre 1971-1990;;;;Ensemble 3P;;;13,3;16,7;21,7;;;;;;;;;;666;1;
B7500;2024;L7501;L7501.1.113;;;3. Entre 1971-1990;;;;Ensemble 4P+;;;10,3;15,3;20,2;;;;;;;;;;343;1;
B7500;2024;L7501;L7501.1.113;;;4. Apr�s 1990;;;;Ensemble 1P;;;21,9;24,9;30,5;;;;;;;;;;305;1;
B7500;2024;L7501;L7501.1.113;;;4. Apr�s 1990;;;;Ensemble 2P;;;20,1;22,7;25,8;;;;;;;;;;510;1;
B7500;2024;L7501;L7501.1.113;;;4. Apr�s 1990;;;;Ensemble 3P;;;18,5;20,5;22,8;;;;;;;;;;424;1;
B7500;2024;L7501;L7501.1.113;;;4. Apr�s 1990;;;;Ensemble 4P+;;;17,8;19,7;21,4;;;;;;;;;;286;1;
B7500;2024;L7501;L7501.1.113;;;;1. Avant 1946;;;;Appart 4P+;;25,9;29,1;32,9;;;;;;;;;;392;1;
B7500;2024;L7501;L7501.1.113;;;;1. Avant 1946;;;;Ensemble 1P;;22,5;24,5;27,1;;;;;;;;;;763;1;
B7500;2024;L7501;L7501.1.113;;;;1. Avant 1946;;;;Ensemble 2P;;20,4;22,3;24,1;;;;;;;;;;337;1;
B7500;2024;L7501;L7501.1.113;;;;1. Avant 1946;;;;Ensemble 3P;;18,8;21,2;23,9;;;;;;;;;;98;1;
B7500;2024;L7501;L7501.1.113;;;;2. Entre 1946-1970;;;;Appart 4P+;;23,9;26,6;31,4;;;;;;;;;;343;1;
B7500;2024;L7501;L7501.1.113;;;;2. Entre 1946-1970;;;;Ensemble 1P;;17,5;21,5;24,1;;;;;;;;;;487;1;
B7500;2024;L7501;L7501.1.113;;;;2. Entre 1946-1970;;;;Ensemble 2P;;15,8;19,1;21,4;;;;;;;;;;576;1;
B7500;2024;L7501;L7501.1.113;;;;2. Entre 1946-1970;;;;Ensemble 3P;;13,9;17,2;19,9;;;;;;;;;;432;1;
B7500;2024;L7501;L7501.1.113;;;;3. Entre 1971-1990;;;;Appart 4P+;;16,1;22,4;27,4;;;;;;;;;;955;1;
B7500;2024;L7501;L7501.1.113;;;;3. Entre 1971-1990;;;;Ensemble 1P;;13,8;20,6;24,2;;;;;;;;;;626;1;
B7500;2024;L7501;L7501.1.113;;;;3. Entre 1971-1990;;;;Ensemble 2P;;13,3;16,7;21,7;;;;;;;;;;666;1;
B7500;2024;L7501;L7501.1.113;;;;3. Entre 1971-1990;;;;Ensemble 3P;;10,3;15,3;20,2;;;;;;;;;;343;1;
B7500;2024;L7501;L7501.1.113;;;;4. Entre 1991-2005;;;;Appart 4P+;;;;;;;;;;;;;;;1;Estimation �conom�trique (pour valeur de march�)
B7500;2024;L7501;L7501.1.113;;;;4. Entre 1991-2005;;;;Ensemble 1P;;;;;;;;;;;;;;;1;Estimation �conom�trique (pour valeur de march�)
B7500;2024;L7501;L7501.1.113;;;;4. Entre 1991-2005;;;;Ensemble 2P;;;;;;;;;;;;;;;1;Estimation �conom�trique (pour valeur de march�)
B7500;2024;L7501;L7501.1.113;;;;4. Entre 1991-2005;;;;Ensemble 3P;;;;;;;;;;;;;;;1;Estimation �conom�trique (pour valeur de march�)
B7500;2024;L7501;L7501.1.113;;;;5. Apr�s 2005;;;;Appart 4P+;;;;;;;;;;;;;;;1;Estimation �conom�trique (pour valeur de march�)
B7500;2024;L7501;L7501.1.113;;;;5. Apr�s 2005;;;;Ensemble 1P;;;;;;;;;;;;;;;1;Estimation �conom�trique (pour valeur de march�)
B7500;2024;L7501;L7501.1.113;;;;5. Apr�s 2005;;;;Ensemble 2P;;;;;;;;;;;;;;;1;Estimation �conom�trique (pour valeur de march�)
B7500;2024;L7501;L7501.1.113;;;;5. Apr�s 2005;;;;Ensemble 3P;;;;;;;;;;;;;;;1;Estimation �conom�trique (pour valeur de march�)
B7500;2024;L7501;L7501.1.114;;;;;;;;;;19,1;23,6;27,1;;;;;;;;;;3157;1;
B7500;2024;L7501;L7501.1.114;;;1. Avant 1946;;;;Ensemble 1P;;;;;;;;;;;;;;;;1;Estimation directe
B7500;2024;L7501;L7501.1.114;;;1. Avant 1946;;;;Ensemble 2P;;;23,6;25;27,5;;;;;;;;;;550;1;
B7500;2024;L7501;L7501.1.114;;;1. Avant 1946;;;;Ensemble 3P;;;19,3;23;25,3;;;;;;;;;;293;1;
B7500;2024;L7501;L7501.1.114;;;1. Avant 1946;;;;Ensemble 4P+;;;18,8;21,1;23,5;;;;;;;;;;91;1;
B7500;2024;L7501;L7501.1.114;;;2. Entre 1946-1970;;;;Ensemble 1P;;;23,2;26,8;28,8;;;;;;;;;;147;1;
B7500;2024;L7501;L7501.1.114;;;2. Entre 1946-1970;;;;Ensemble 2P;;;20,4;22,8;26;;;;;;;;;;227;1;
B7500;2024;L7501;L7501.1.114;;;2. Entre 1946-1970;;;;Ensemble 3P;;;;;;;;;;;;;;;;1;Estimation directe
B7500;2024;L7501;L7501.1.114;;;2. Entre 1946-1970;;;;Ensemble 4P+;;;16,4;20;24,2;;;;;;;;;;111;1;
B7500;2024;L7501;L7501.1.114;;;3. Entre 1971-1990;;;;Ensemble 1P;;;18,8;24,6;29;;;;;;;;;;220;1;
B7500;2024;L7501;L7501.1.114;;;3. Entre 1971-1990;;;;Ensemble 2P;;;17,3;22,6;25,5;;;;;;;;;;256;1;
B7500;2024;L7501;L7501.1.114;;;3. Entre 1971-1990;;;;Ensemble 3P;;;;;;;;;;;;;;;;1;Estimation directe
B7500;2024;L7501;L7501.1.114;;;3. Entre 1971-1990;;;;Ensemble 4P+;;;;;;;;;;;;;;;;1;Estimation directe
B7500;2024;L7501;L7501.1.114;;;4. Apr�s 1990;;;;Ensemble 1P;;;21,4;28,1;32;;;;;;;;;;98;1;
B7500;2024;L7501;L7501.1.114;;;4. Apr�s 1990;;;;Ensemble 2P;;;20,6;25,2;29,1;;;;;;;;;;151;1;
B7500;2024;L7501;L7501.1.114;;;4. Apr�s 1990;;;;Ensemble 3P;;;13,9;22,1;26,2;;;;;;;;;;138;1;
B7500;2024;L7501;L7501.1.114;;;4. Apr�s 1990;;;;Ensemble 4P+;;;20,2;22,2;25;;;;;;;;;;113;1;
B7500;2024;L7501;L7501.1.114;;;;1. Avant 1946;;;;Appart 4P+;;;;;;;;;;;;;;;1;Estimation directe
B7500;2024;L7501;L7501.1.114;;;;1. Avant 1946;;;;Ensemble 1P;;23,6;25;27,5;;;;;;;;;;550;1;
B7500;2024;L7501;L7501.1.114;;;;1. Avant 1946;;;;Ensemble 2P;;19,3;23;25,3;;;;;;;;;;293;1;
B7500;2024;L7501;L7501.1.114;;;;1. Avant 1946;;;;Ensemble 3P;;18,8;21,1;23,5;;;;;;;;;;91;1;
B7500;2024;L7501;L7501.1.114;;;;2. Entre 1946-1970;;;;Appart 4P+;;23,2;26,8;28,8;;;;;;;;;;147;1;
B7500;2024;L7501;L7501.1.114;;;;2. Entre 1946-1970;;;;Ensemble 1P;;20,4;22,8;26;;;;;;;;;;227;1;
B7500;2024;L7501;L7501.1.114;;;;2. Entre 1946-1970;;;;Ensemble 2P;;;;;;;;;;;;;;;1;Estimation directe
B7500;2024;L7501;L7501.1.114;;;;2. Entre 1946-1970;;;;Ensemble 3P;;16,4;20;24,2;;;;;;;;;;111;1;
B7500;2024;L7501;L7501.1.114;;;;3. Entre 1971-1990;;;;Appart 4P+;;18,8;24,6;29;;;;;;;;;;220;1;
B7500;2024;L7501;L7501.1.114;;;;3. Entre 1971-1990;;;;Ensemble 1P;;17,3;22,6;25,5;;;;;;;;;;256;1;
B7500;2024;L7501;L7501.1.114;;;;3. Entre 1971-1990;;;;Ensemble 2P;;;;;;;;;;;;;;;1;Estimation directe
B7500;2024;L7501;L7501.1.114;;;;3. Entre 1971-1990;;;;Ensemble 3P;;;;;;;;;;;;;;;1;Estimation directe
B7500;2024;L7501;L7501.1.114;;;;4. Entre 1991-2005;;;;Appart 4P+;;;;;;;;;;;;;;;1;Estimation �conom�trique (pour valeur de march�)
B7500;2024;L7501;L7501.1.114;;;;4. Entre 1991-2005;;;;Ensemble 1P;;;;;;;;;;;;;;;1;Estimation �conom�trique (pour valeur de march�)
B7500;2024;L7501;L7501.1.114;;;;4. Entre 1991-2005;;;;Ensemble 2P;;;;;;;;;;;;;;;1;Estimation �conom�trique (pour valeur de march�)
B7500;2024;L7501;L7501.1.114;;;;4. Entre 1991-2005;;;;Ensemble 3P;;;;;;;;;;;;;;;1;Estimation �conom�trique (pour valeur de march�)
B7500;2024;L7501;L7501.1.114;;;;5. Apr�s 2005;;;;Appart 4P+;;;;;;;;;;;;;;;1;Estimation �conom�trique (pour valeur de march�)
B7500;2024;L7501;L7501.1.114;;;;5. Apr�s 2005;;;;Ensemble 1P;;;;;;;;;;;;;;;1;Estimation �conom�trique (pour valeur de march�)
B7500;2024;L7501;L7501.1.114;;;;5. Apr�s 2005;;;;Ensemble 2P;;;;;;;;;;;;;;;1;Estimation �conom�trique (pour valeur de march�)
B7500;2024;L7501;L7501.1.114;;;;5. Apr�s 2005;;;;Ensemble 3P;;;;;;;;;;;;;;;1;Estimation �conom�trique (pour valeur de march�)
;;;;;;;;;;;;;;;;;;;;;;;;;;;
;;;;;;;;;;;;;;;;;;;;;;;;;;;
;;;;;;;;;;;;;;;;;;;;;;;;;;;
;;;;;;;;;;;;;;;;;;;;;;;;;;;
;;;;;;;;;;;;;;;;;;;;;;;;;;;
;;;;;;;;;;;;;;;;;;;;;;;;;;;
;;;;;;;;;;;;;;;;;;;;;;;;;;;
;;;;;;;;;;;;;;;;;;;;;;;;;;;
;;;;;;;;;;;;;;;;;;;;;;;;;;;
;;;;;;;;;;;;;;;;;;;;;;;;;;;
;;;;;;;;;;;;;;;;;;;;;;;;;;;
;;;;;;;;;;;;;;;;;;;;;;;;;;;
;;;;;;;;;;;;;;;;;;;;;;;;;;;
;;;;;;;;;;;;;;;;;;;;;;;;;;;
;;;;;;;;;;;;;;;;;;;;;;;;;;;
;;;;;;;;;;;;;;;;;;;;;;;;;;;
;;;;;;;;;;;;;;;;;;;;;;;;;;;
;;;;;;;;;;;;;;;;;;;;;;;;;;;
;;;;;;;;;;;;;;;;;;;;;;;;;;;
;;;;;;;;;;;;;;;;;;;;;;;;;;;
;;;;;;;;;;;;;;;;;;;;;;;;;;;
;;;;;;;;;;;;;;;;;;;;;;;;;;;
;;;;;;;;;;;;;;;;;;;;;;;;;;;
;;;;;;;;;;;;;;;;;;;;;;;;;;;
;;;;;;;;;;;;;;;;;;;;;;;;;;;
;;;;;;;;;;;;;;;;;;;;;;;;;;;
;;;;;;;;;;;;;;;;;;;;;;;;;;;
;;;;;;;;;;;;;;;;;;;;;;;;;;;
;;;;;;;;;;;;;;;;;;;;;;;;;;;
;;;;;;;;;;;;;;;;;;;;;;;;;;;
;;;;;;;;;;;;;;;;;;;;;;;;;;;
;;;;;;;;;;;;;;;;;;;;;;;;;;;
;;;;;;;;;;;;;;;;;;;;;;;;;;;
;;;;;;;;;;;;;;;;;;;;;;;;;;;
;;;;;;;;;;;;;;;;;;;;;;;;;;;
;;;;;;;;;;;;;;;;;;;;;;;;;;;
;;;;;;;;;;;;;;;;;;;;;;;;;;;
;;;;;;;;;;;;;;;;;;;;;;;;;;;
;;;;;;;;;;;;;;;;;;;;;;;;;;;
;;;;;;;;;;;;;;;;;;;;;;;;;;;
;;;;;;;;;;;;;;;;;;;;;;;;;;;
;;;;;;;;;;;;;;;;;;;;;;;;;;;
;;;;;;;;;;;;;;;;;;;;;;;;;;;
;;;;;;;;;;;;;;;;;;;;;;;;;;;
;;;;;;;;;;;;;;;;;;;;;;;;;;;
;;;;;;;;;;;;;;;;;;;;;;;;;;;
;;;;;;;;;;;;;;;;;;;;;;;;;;;
;;;;;;;;;;;;;;;;;;;;;;;;;;;
;;;;;;;;;;;;;;;;;;;;;;;;;;;
;;;;;;;;;;;;;;;;;;;;;;;;;;;
;;;;;;;;;;;;;;;;;;;;;;;;;;;
;;;;;;;;;;;;;;;;;;;;;;;;;;;
;;;;;;;;;;;;;;;;;;;;;;;;;;;
;;;;;;;;;;;;;;;;;;;;;;;;;;;
;;;;;;;;;;;;;;;;;;;;;;;;;;;
;;;;;;;;;;;;;;;;;;;;;;;;;;;
;;;;;;;;;;;;;;;;;;;;;;;;;;;
;;;;;;;;;;;;;;;;;;;;;;;;;;;
;;;;;;;;;;;;;;;;;;;;;;;;;;;
;;;;;;;;;;;;;;;;;;;;;;;;;;;
;;;;;;;;;;;;;;;;;;;;;;;;;;;
;;;;;;;;;;;;;;;;;;;;;;;;;;;
;;;;;;;;;;;;;;;;;;;;;;;;;;;
;;;;;;;;;;;;;;;;;;;;;;;;;;;
;;;;;;;;;;;;;;;;;;;;;;;;;;;
;;;;;;;;;;;;;;;;;;;;;;;;;;;
;;;;;;;;;;;;;;;;;;;;;;;;;;;
;;;;;;;;;;;;;;;;;;;;;;;;;;;
;;;;;;;;;;;;;;;;;;;;;;;;;;;
;;;;;;;;;;;;;;;;;;;;;;;;;;;
;;;;;;;;;;;;;;;;;;;;;;;;;;;
;;;;;;;;;;;;;;;;;;;;;;;;;;;
;;;;;;;;;;;;;;;;;;;;;;;;;;;
;;;;;;;;;;;;;;;;;;;;;;;;;;;
;;;;;;;;;;;;;;;;;;;;;;;;;;;
;;;;;;;;;;;;;;;;;;;;;;;;;;;
;;;;;;;;;;;;;;;;;;;;;;;;;;;
;;;;;;;;;;;;;;;;;;;;;;;;;;;
;;;;;;;;;;;;;;;;;;;;;;;;;;;
;;;;;;;;;;;;;;;;;;;;;;;;;;;
;;;;;;;;;;;;;;;;;;;;;;;;;;;
;;;;;;;;;;;;;;;;;;;;;;;;;;;
;;;;;;;;;;;;;;;;;;;;;;;;;;;
;;;;;;;;;;;;;;;;;;;;;;;;;;;
;;;;;;;;;;;;;;;;;;;;;;;;;;;
;;;;;;;;;;;;;;;;;;;;;;;;;;;
;;;;;;;;;;;;;;;;;;;;;;;;;;;
;;;;;;;;;;;;;;;;;;;;;;;;;;;
;;;;;;;;;;;;;;;;;;;;;;;;;;;
;;;;;;;;;;;;;;;;;;;;;;;;;;;
;;;;;;;;;;;;;;;;;;;;;;;;;;;
;;;;;;;;;;;;;;;;;;;;;;;;;;;
;;;;;;;;;;;;;;;;;;;;;;;;;;;
;;;;;;;;;;;;;;;;;;;;;;;;;;;
;;;;;;;;;;;;;;;;;;;;;;;;;;;
;;;;;;;;;;;;;;;;;;;;;;;;;;;
;;;;;;;;;;;;;;;;;;;;;;;;;;;
;;;;;;;;;;;;;;;;;;;;;;;;;;;
;;;;;;;;;;;;;;;;;;;;;;;;;;;
;;;;;;;;;;;;;;;;;;;;;;;;;;;
;;;;;;;;;;;;;;;;;;;;;;;;;;;
;;;;;;;;;;;;;;;;;;;;;;;;;;;
;;;;;;;;;;;;;;;;;;;;;;;;;;;
;;;;;;;;;;;;;;;;;;;;;;;;;;;
;;;;;;;;;;;;;;;;;;;;;;;;;;;
;;;;;;;;;;;;;;;;;;;;;;;;;;;
;;;;;;;;;;;;;;;;;;;;;;;;;;;
;;;;;;;;;;;;;;;;;;;;;;;;;;;
;;;;;;;;;;;;;;;;;;;;;;;;;;;
;;;;;;;;;;;;;;;;;;;;;;;;;;;
;;;;;;;;;;;;;;;;;;;;;;;;;;;
;;;;;;;;;;;;;;;;;;;;;;;;;;;
;;;;;;;;;;;;;;;;;;;;;;;;;;;
;;;;;;;;;;;;;;;;;;;;;;;;;;;
;;;;;;;;;;;;;;;;;;;;;;;;;;;
;;;;;;;;;;;;;;;;;;;;;;;;;;;
;;;;;;;;;;;;;;;;;;;;;;;;;;;
;;;;;;;;;;;;;;;;;;;;;;;;;;;
;;;;;;;;;;;;;;;;;;;;;;;;;;;
;;;;;;;;;;;;;;;;;;;;;;;;;;;
;;;;;;;;;;;;;;;;;;;;;;;;;;;
;;;;;;;;;;;;;;;;;;;;;;;;;;;
;;;;;;;;;;;;;;;;;;;;;;;;;;;
;;;;;;;;;;;;;;;;;;;;;;;;;;;
;;;;;;;;;;;;;;;;;;;;;;;;;;;
;;;;;;;;;;;;;;;;;;;;;;;;;;;
;;;;;;;;;;;;;;;;;;;;;;;;;;;
;;;;;;;;;;;;;;;;;;;;;;;;;;;
;;;;;;;;;;;;;;;;;;;;;;;;;;;
;;;;;;;;;;;;;;;;;;;;;;;;;;;
;;;;;;;;;;;;;;;;;;;;;;;;;;;
;;;;;;;;;;;;;;;;;;;;;;;;;;;
;;;;;;;;;;;;;;;;;;;;;;;;;;;
;;;;;;;;;;;;;;;;;;;;;;;;;;;
;;;;;;;;;;;;;;;;;;;;;;;;;;;
;;;;;;;;;;;;;;;;;;;;;;;;;;;
;;;;;;;;;;;;;;;;;;;;;;;;;;;
;;;;;;;;;;;;;;;;;;;;;;;;;;;
;;;;;;;;;;;;;;;;;;;;;;;;;;;
;;;;;;;;;;;;;;;;;;;;;;;;;;;
;;;;;;;;;;;;;;;;;;;;;;;;;;;
